name,path,size_tier,structural_score,family,N,c,click_density,replicate,instance_seed,target_sha256,guaranteed_solvable,witness_total_clicks,known_upper_bound
easy_n04_c02_witness_d100_r000,easy/witness/n04_c02/easy_n04_c02_witness_d100_r000.json,easy,16,witness,4,2,0.1,0,14572344082484168897,e65cb44d2374fd018100ecfdaedcc772533ee0c6783bc001e2de992b946cabd0,True,2,2
easy_n04_c02_witness_d100_r001,easy/witness/n04_c02/easy_n04_c02_witness_d100_r001.json,easy,16,witness,4,2,0.1,1,4529512546652547853,d4e003f10fd00389df0e61e4dde2b869120c23e5730bd9ee3a10db405921dceb,True,2,2
easy_n04_c02_witness_d100_r002,easy/witness/n04_c02/easy_n04_c02_witness_d100_r002.json,easy,16,witness,4,2,0.1,2,7426423606203901397,47c75b09527b9a5aff435016d264d1ff24fbd647b26ab7599ac066db6d5148e7,True,2,2
easy_n04_c02_witness_d100_r003,easy/witness/n04_c02/easy_n04_c02_witness_d100_r003.json,easy,16,witness,4,2,0.1,3,16736545035787822524,41186f9bbec93a978a55d515c5f74652bde49e15650598521bda54e2ce7e5f36,True,2,2
easy_n04_c02_witness_d100_r004,easy/witness/n04_c02/easy_n04_c02_witness_d100_r004.json,easy,16,witness,4,2,0.1,4,5204773901527226210,d3df7284ee3643826d4abdc9ee5801b6d83bc8624a4a64a95251f22b88ced955,True,2,2
easy_n04_c02_witness_d100_r005,easy/witness/n04_c02/easy_n04_c02_witness_d100_r005.json,easy,16,witness,4,2,0.1,5,3821219908912445418,ba3068c1ad3cd810c9d4552f6310cf9c71144c36ac3f37f505ddc8fea2735cdc,True,2,2
easy_n04_c02_witness_d100_r006,easy/witness/n04_c02/easy_n04_c02_witness_d100_r006.json,easy,16,witness,4,2,0.1,6,15601375382746330957,4fdc4000a244fc39b52c9c46a35bc35c2c29ca210c73b04d5703cedaeb2fac7c,True,2,2
easy_n04_c02_witness_d100_r007,easy/witness/n04_c02/easy_n04_c02_witness_d100_r007.json,easy,16,witness,4,2,0.1,7,11633298814186343520,e3bbbe7c88adcd602240549d735a412b383ea74f69ad723c288a663799344c08,True,2,2
easy_n04_c02_witness_d100_r008,easy/witness/n04_c02/easy_n04_c02_witness_d100_r008.json,easy,16,witness,4,2,0.1,8,17095218230575479824,89b169890d3c179b3d418a417bf6589f92f74c7c8251ec673f98aad6b74995b6,True,2,2
easy_n04_c02_witness_d100_r009,easy/witness/n04_c02/easy_n04_c02_witness_d100_r009.json,easy,16,witness,4,2,0.1,9,5631091062190040957,8ce859d996c35f65915df18fa55d81fc4ed5b8a7083c2272e6d6a824eddb3c64,True,2,2
easy_n04_c02_witness_d300_r000,easy/witness/n04_c02/easy_n04_c02_witness_d300_r000.json,easy,16,witness,4,2,0.3,0,8673038560430441913,7556d287ff6a03cebbc446ead58db2276837b89b06e4e33f456d6b321885e034,True,5,5
easy_n04_c02_witness_d300_r001,easy/witness/n04_c02/easy_n04_c02_witness_d300_r001.json,easy,16,witness,4,2,0.3,1,14565644506527453713,43166249c3b4c278c3204ccf400b963cb8e7649a092a4700fcfe5ade29364710,True,5,5
easy_n04_c02_witness_d300_r002,easy/witness/n04_c02/easy_n04_c02_witness_d300_r002.json,easy,16,witness,4,2,0.3,2,4661567721766579544,463e7e7c7c190a5d571707d63568d3b47cda503aa125bfeab78c4264e6ddb1c5,True,5,5
easy_n04_c02_witness_d300_r003,easy/witness/n04_c02/easy_n04_c02_witness_d300_r003.json,easy,16,witness,4,2,0.3,3,11149768418114091899,f6764e8db707f95139ac3c509b8c154c8ee77a56f0ee06fd6f5de6615347cf38,True,5,5
easy_n04_c02_witness_d300_r004,easy/witness/n04_c02/easy_n04_c02_witness_d300_r004.json,easy,16,witness,4,2,0.3,4,11150962984956806982,d4dd6ec25830bc83939c12f3cedffa15c34dfc85ff0a0e891737caceaad0a22f,True,5,5
easy_n04_c02_witness_d300_r005,easy/witness/n04_c02/easy_n04_c02_witness_d300_r005.json,easy,16,witness,4,2,0.3,5,8089993362062492263,09c8fa7297fa422d4a4c81ff6ae3ab3f8da98cee0a8c37607c156c18b15a8237,True,5,5
easy_n04_c02_witness_d300_r006,easy/witness/n04_c02/easy_n04_c02_witness_d300_r006.json,easy,16,witness,4,2,0.3,6,17432456002311427736,1af0611ba61b5219df23ac64a7d4229b98482f77ab10d334711fc8a491fd30c1,True,5,5
easy_n04_c02_witness_d300_r007,easy/witness/n04_c02/easy_n04_c02_witness_d300_r007.json,easy,16,witness,4,2,0.3,7,8332552516635227178,6cb333fd04cd2b6c4a8a727917de446abb4eabd9d427fef47a09753d3279b8cc,True,5,5
easy_n04_c02_witness_d300_r008,easy/witness/n04_c02/easy_n04_c02_witness_d300_r008.json,easy,16,witness,4,2,0.3,8,5516640552791926947,6646114a324cbaf3f38e01b5a6e90686dbb4c3c2bf48d75281c80b2fa107923c,True,5,5
easy_n04_c02_witness_d300_r009,easy/witness/n04_c02/easy_n04_c02_witness_d300_r009.json,easy,16,witness,4,2,0.3,9,13302079495012504259,e49be1921a3ba2e1aba92dfd6f2fe10590189d3824b9e342b7125bbaabab33ca,True,5,5
easy_n04_c02_witness_d600_r000,easy/witness/n04_c02/easy_n04_c02_witness_d600_r000.json,easy,16,witness,4,2,0.6,0,15499704605114636887,5f28788db3f88bec5f92501e949eb798610a803b396a7e67951303d4195bd682,True,10,10
easy_n04_c02_witness_d600_r001,easy/witness/n04_c02/easy_n04_c02_witness_d600_r001.json,easy,16,witness,4,2,0.6,1,18161787484084980963,92c9e0ccf4ad03a05450fe85dd0b4e7b8499302102a0a349f4c537ac9f29d7b4,True,10,10
easy_n04_c02_witness_d600_r002,easy/witness/n04_c02/easy_n04_c02_witness_d600_r002.json,easy,16,witness,4,2,0.6,2,1305645872415653879,11b83ee8ceeb030a3464ab6c16e1ef443dd47edaf5f5b7050654a15d85ddc66a,True,10,10
easy_n04_c02_witness_d600_r003,easy/witness/n04_c02/easy_n04_c02_witness_d600_r003.json,easy,16,witness,4,2,0.6,3,5471817047831179243,2b026a1e02831e881dc658c7322ef7dce52baefdd595b4987c489ccfe800ab9d,True,10,10
easy_n04_c02_witness_d600_r004,easy/witness/n04_c02/easy_n04_c02_witness_d600_r004.json,easy,16,witness,4,2,0.6,4,17607260485408650889,53e7329cd6472410993c064c1a276bb3fd2b6697021744bfde0c7475f9d72b9a,True,10,10
easy_n04_c02_witness_d600_r005,easy/witness/n04_c02/easy_n04_c02_witness_d600_r005.json,easy,16,witness,4,2,0.6,5,8419700664721900259,f4f26cfb0e6afc2d98ac9a85109b99de3146b1d8a5361bf6294b5b75e34eccf5,True,10,10
easy_n04_c02_witness_d600_r006,easy/witness/n04_c02/easy_n04_c02_witness_d600_r006.json,easy,16,witness,4,2,0.6,6,8884091280796927095,d153725ecb5a6979d4f957d1a569b9e3569fb3a7faaa2a737a8b0efc69038765,True,10,10
easy_n04_c02_witness_d600_r007,easy/witness/n04_c02/easy_n04_c02_witness_d600_r007.json,easy,16,witness,4,2,0.6,7,15037304418578155588,9e577aed5706610ce3718136bb9f7d6d9fcf4e8dee51b58795045cd5e747c604,True,10,10
easy_n04_c02_witness_d600_r008,easy/witness/n04_c02/easy_n04_c02_witness_d600_r008.json,easy,16,witness,4,2,0.6,8,3893270358477624640,9b58a3e020f12668f73d3c181ae945e5bbbe1638e4500878875d558a3b1c6b98,True,10,10
easy_n04_c02_witness_d600_r009,easy/witness/n04_c02/easy_n04_c02_witness_d600_r009.json,easy,16,witness,4,2,0.6,9,3872895365930450800,41f5efea627378c01b434e601ed8cc6e749a54f8871b35554ee38943f11bcee5,True,10,10
easy_n04_c02_uniform_r000,easy/uniform/n04_c02/easy_n04_c02_uniform_r000.json,easy,16,uniform,4,2,,0,257111549100904192,c0405eb348acf03431a0e937118104ed5cc2a7df50096afe26c41e2520053a0e,False,,
easy_n04_c02_uniform_r001,easy/uniform/n04_c02/easy_n04_c02_uniform_r001.json,easy,16,uniform,4,2,,1,3612768685777330288,c69159c9c6c4cacbeb1ea58096cb30fe22e54c0d01c9593ff24261c25ca2b685,False,,
easy_n04_c02_uniform_r002,easy/uniform/n04_c02/easy_n04_c02_uniform_r002.json,easy,16,uniform,4,2,,2,202453958095578083,5617f2e95b72fa3024741bf559e78127e054351142b0d3c2859b7824f9c018c2,False,,
easy_n04_c02_uniform_r003,easy/uniform/n04_c02/easy_n04_c02_uniform_r003.json,easy,16,uniform,4,2,,3,2763840440378521508,9ea04eb92e875fb5dcbae45523c0c7804ac3bac2ca9e5c4f4cc517032f9715e8,False,,
easy_n04_c02_uniform_r004,easy/uniform/n04_c02/easy_n04_c02_uniform_r004.json,easy,16,uniform,4,2,,4,9011553976270109515,01f170edd09293adc2c5680fbf0fddfcfcd35178121622375c1b135316666219,False,,
easy_n04_c02_uniform_r005,easy/uniform/n04_c02/easy_n04_c02_uniform_r005.json,easy,16,uniform,4,2,,5,16542792325825851281,08e74422a6d07fc4f27a94e923f2be748a0feb2a6d3ccfb54b14a3ca42a87ab0,False,,
easy_n04_c02_uniform_r006,easy/uniform/n04_c02/easy_n04_c02_uniform_r006.json,easy,16,uniform,4,2,,6,4784589919871561621,29fea29cc48447055213a4d3afa063fcd03dd889d96b3e1dc71452c5fe9e8326,False,,
easy_n04_c02_uniform_r007,easy/uniform/n04_c02/easy_n04_c02_uniform_r007.json,easy,16,uniform,4,2,,7,14088681418850737408,dfb5d0e534e88926cdc2fd28ff58cd6a36e63e8bd02e0fafe08885950f8b29a4,False,,
easy_n04_c02_uniform_r008,easy/uniform/n04_c02/easy_n04_c02_uniform_r008.json,easy,16,uniform,4,2,,8,4044578836895778112,4f72ffd1afc5446f03658bf29ea6b9bce66f73602409ea292651eada6b6b2728,False,,
easy_n04_c02_uniform_r009,easy/uniform/n04_c02/easy_n04_c02_uniform_r009.json,easy,16,uniform,4,2,,9,12430064824088839126,a8905c8f76efb0b277b910742fd9c259a42a5fde318792d6d16d8948629ed857,False,,
easy_n04_c03_witness_d100_r000,easy/witness/n04_c03/easy_n04_c03_witness_d100_r000.json,easy,32,witness,4,3,0.1,0,9347277241705368377,b96d85410a6e3b8529b009fb3359add0ba0bb75c09005b89e4a9b31823fc3624,True,2,2
easy_n04_c03_witness_d100_r001,easy/witness/n04_c03/easy_n04_c03_witness_d100_r001.json,easy,32,witness,4,3,0.1,1,8337003046756069558,71b8a5132b6ac0e2c28747141b8b3ecc3d64f5190c33d1074374803800267198,True,3,3
easy_n04_c03_witness_d100_r002,easy/witness/n04_c03/easy_n04_c03_witness_d100_r002.json,easy,32,witness,4,3,0.1,2,17175466476684197093,080bd5b401522bd1d35c5105d9b8a6816a6130b0ca159561b228ccc18de27adf,True,3,3
easy_n04_c03_witness_d100_r003,easy/witness/n04_c03/easy_n04_c03_witness_d100_r003.json,easy,32,witness,4,3,0.1,3,6024474982709702298,5be8a4f8997bce59914b06e031f5b20fa031513414364ebd98285feee1e7a48e,True,2,2
easy_n04_c03_witness_d100_r004,easy/witness/n04_c03/easy_n04_c03_witness_d100_r004.json,easy,32,witness,4,3,0.1,4,18298101445912266383,5719c347fa1ea55f20a668c8299a6386d79b996d4937587b48cbc0a153d373b3,True,3,3
easy_n04_c03_witness_d100_r005,easy/witness/n04_c03/easy_n04_c03_witness_d100_r005.json,easy,32,witness,4,3,0.1,5,14401809648140926357,85042aaabbb8e55ea7baf13a23842779e8159200e21f1c00153c0e6a87ef9658,True,3,3
easy_n04_c03_witness_d100_r006,easy/witness/n04_c03/easy_n04_c03_witness_d100_r006.json,easy,32,witness,4,3,0.1,6,736926716035348332,83c9331863c2a214a06686e1e9fcbd16e6591b80121b61822fc29a3a6d923ed7,True,2,2
easy_n04_c03_witness_d100_r007,easy/witness/n04_c03/easy_n04_c03_witness_d100_r007.json,easy,32,witness,4,3,0.1,7,18401236629663599298,f412e2a5d13843c2d7217bc76fa0661c3faa4c89a8ed0c8f6ccf2ce960334de0,True,2,2
easy_n04_c03_witness_d100_r008,easy/witness/n04_c03/easy_n04_c03_witness_d100_r008.json,easy,32,witness,4,3,0.1,8,7763200322861538536,a680efafe7833ca982350eac0aaec990b8a154537da7ed724b3aa6bda4aa726b,True,3,3
easy_n04_c03_witness_d100_r009,easy/witness/n04_c03/easy_n04_c03_witness_d100_r009.json,easy,32,witness,4,3,0.1,9,16202245701933401091,286b8a701e31f0a9953c973d00dce0ff9e6c11c9705f616d2786a6702f9500b8,True,3,3
easy_n04_c03_witness_d300_r000,easy/witness/n04_c03/easy_n04_c03_witness_d300_r000.json,easy,32,witness,4,3,0.3,0,1249562945200285644,ecfa34c3742df90840ec3698452befdce7fe621659e59156ea358857e3109696,True,6,6
easy_n04_c03_witness_d300_r001,easy/witness/n04_c03/easy_n04_c03_witness_d300_r001.json,easy,32,witness,4,3,0.3,1,14663954759979756399,65f81a9ac616d1acb07a47271fc646999e96bd493813d74c18d57ce880a24e6b,True,7,7
easy_n04_c03_witness_d300_r002,easy/witness/n04_c03/easy_n04_c03_witness_d300_r002.json,easy,32,witness,4,3,0.3,2,18431721931066941649,5755d3d2c06057061fff7a9dcebdf0362187579476469170988ca5f50a882e0b,True,6,6
easy_n04_c03_witness_d300_r003,easy/witness/n04_c03/easy_n04_c03_witness_d300_r003.json,easy,32,witness,4,3,0.3,3,6502175442991031835,fb310cd1336ec027f7f4e20c019e631e58a8d911f1eedee06652f986eb419a16,True,8,8
easy_n04_c03_witness_d300_r004,easy/witness/n04_c03/easy_n04_c03_witness_d300_r004.json,easy,32,witness,4,3,0.3,4,16271898583937350004,e6ecb945741840f892a8ecad0680294a2331148634f6ebf557e2618eb781e67c,True,7,7
easy_n04_c03_witness_d300_r005,easy/witness/n04_c03/easy_n04_c03_witness_d300_r005.json,easy,32,witness,4,3,0.3,5,9262070704885412127,b55b07d79c3ff101958d333768dbbe208ec30083215849a24d40f2f5a8c3decb,True,7,7
easy_n04_c03_witness_d300_r006,easy/witness/n04_c03/easy_n04_c03_witness_d300_r006.json,easy,32,witness,4,3,0.3,6,11160446332037530142,670336c38cfb160b39ed72c570262d248244b8d9b0d69205d0f6cda9e25b3190,True,10,10
easy_n04_c03_witness_d300_r007,easy/witness/n04_c03/easy_n04_c03_witness_d300_r007.json,easy,32,witness,4,3,0.3,7,1310924959427755204,1dea2199b24131f32912ffd84983924bd0c7baeab0fcd063990e08b65cce7cc7,True,6,6
easy_n04_c03_witness_d300_r008,easy/witness/n04_c03/easy_n04_c03_witness_d300_r008.json,easy,32,witness,4,3,0.3,8,15265104175852347875,df299e72453023fce8e5ec30ec68eb0e015cd20086823ed8a53ea049a228c403,True,9,9
easy_n04_c03_witness_d300_r009,easy/witness/n04_c03/easy_n04_c03_witness_d300_r009.json,easy,32,witness,4,3,0.3,9,3143235693884573964,b5bd668296250e571d8dde49d8ca9a2c52e673b254a63eb133a28c001de4ba5a,True,9,9
easy_n04_c03_witness_d600_r000,easy/witness/n04_c03/easy_n04_c03_witness_d600_r000.json,easy,32,witness,4,3,0.6,0,10432223622630916463,0021974f3b480a7b1ebf49096cf22008f2875598bb7c7cd7b298da9527b805a7,True,14,14
easy_n04_c03_witness_d600_r001,easy/witness/n04_c03/easy_n04_c03_witness_d600_r001.json,easy,32,witness,4,3,0.6,1,12967583515573042960,ce70d3da5954d2b90f9a1aa12b94e937d8c1c09461afc854a26f096fb6b419f3,True,15,15
easy_n04_c03_witness_d600_r002,easy/witness/n04_c03/easy_n04_c03_witness_d600_r002.json,easy,32,witness,4,3,0.6,2,2339282823801724938,56fb8f77eb5b0ed118eedc7cf4ad02ea5e64198fba65741a9e1fd4c364b37e42,True,15,15
easy_n04_c03_witness_d600_r003,easy/witness/n04_c03/easy_n04_c03_witness_d600_r003.json,easy,32,witness,4,3,0.6,3,16673309830810444848,4f90b8466a2263820d2e7c1b0fdc000dfb9fdd56c37b960d2707ea1d47b92bc7,True,15,15
easy_n04_c03_witness_d600_r004,easy/witness/n04_c03/easy_n04_c03_witness_d600_r004.json,easy,32,witness,4,3,0.6,4,8612550971625024487,27d13f61d5e67fc4d7e72db8b1874055d43ed6a0092a1e45ef1d2a2ce00c3178,True,15,15
easy_n04_c03_witness_d600_r005,easy/witness/n04_c03/easy_n04_c03_witness_d600_r005.json,easy,32,witness,4,3,0.6,5,15804256505411643813,8c9eba86966f9eaba73bca7510ec02f1ac42cc722464b1b1b31f2fd16599d830,True,17,17
easy_n04_c03_witness_d600_r006,easy/witness/n04_c03/easy_n04_c03_witness_d600_r006.json,easy,32,witness,4,3,0.6,6,16974786035482718937,5bcd8bbecc6fd29ce8f3bbf0c00e47155525744bb59dbf6122dbcc57e73890d1,True,15,15
easy_n04_c03_witness_d600_r007,easy/witness/n04_c03/easy_n04_c03_witness_d600_r007.json,easy,32,witness,4,3,0.6,7,8318068673022437359,d26d230c76b00c9f8b5fdbcb7c735a564ef89b38d79ed841ede7a43b504ed9c1,True,14,14
easy_n04_c03_witness_d600_r008,easy/witness/n04_c03/easy_n04_c03_witness_d600_r008.json,easy,32,witness,4,3,0.6,8,11551433101072320739,ef0c19588a856976f62ad4f3538d7d0addb497c48ce0996867bca37116db707a,True,15,15
easy_n04_c03_witness_d600_r009,easy/witness/n04_c03/easy_n04_c03_witness_d600_r009.json,easy,32,witness,4,3,0.6,9,4747579250252025980,0b595a21a7f41f114b30f5e1e5904856ed879c4510a0d12a95931ed921f46518,True,12,12
easy_n04_c03_uniform_r000,easy/uniform/n04_c03/easy_n04_c03_uniform_r000.json,easy,32,uniform,4,3,,0,11237986346035829615,212b35a837c7692dd89fe46b548900f3008ec0d089c6c0343a3cd13c3316b743,False,,
easy_n04_c03_uniform_r001,easy/uniform/n04_c03/easy_n04_c03_uniform_r001.json,easy,32,uniform,4,3,,1,12576161062880497145,c712a1bd766f7586e7bd7b7c3c5f45fc9741a6c8dc396319441a53d1cf0c36f2,False,,
easy_n04_c03_uniform_r002,easy/uniform/n04_c03/easy_n04_c03_uniform_r002.json,easy,32,uniform,4,3,,2,10855603269092164905,33ecc0533f7461b64479eda3fdcbb776a3efda9d8adf9bb542d4dc87739c48be,False,,
easy_n04_c03_uniform_r003,easy/uniform/n04_c03/easy_n04_c03_uniform_r003.json,easy,32,uniform,4,3,,3,17706833237885572693,9dcc2325c44d605a0d2bbc7259bfaa8b6b3aa77eff5eb50280ce268f57598774,False,,
easy_n04_c03_uniform_r004,easy/uniform/n04_c03/easy_n04_c03_uniform_r004.json,easy,32,uniform,4,3,,4,10070053102362369520,630131ef040f4eb4e4bf83cf2016ac67d65320507dca85ed4ae795e62083d61e,False,,
easy_n04_c03_uniform_r005,easy/uniform/n04_c03/easy_n04_c03_uniform_r005.json,easy,32,uniform,4,3,,5,6027395726978593160,3dec971526858f36bc201bf655d8f7724efe0dd0cd7cb5abe04a85ceb98a2f45,False,,
easy_n04_c03_uniform_r006,easy/uniform/n04_c03/easy_n04_c03_uniform_r006.json,easy,32,uniform,4,3,,6,3403437867243020891,b071f3125da16c37a2b77b2408f7662bcbb6b829c3bf8a87485f112572550373,False,,
easy_n04_c03_uniform_r007,easy/uniform/n04_c03/easy_n04_c03_uniform_r007.json,easy,32,uniform,4,3,,7,17821462771348026349,0d89db401e7bd5704da5a446d20a71259a6a1b6e0c30f2089c09a2d2dbaf47c5,False,,
easy_n04_c03_uniform_r008,easy/uniform/n04_c03/easy_n04_c03_uniform_r008.json,easy,32,uniform,4,3,,8,17977957868159952477,e5f09faa16a14c917eabff142498e252a13b116e153c8682bf03a7983f332fa8,False,,
easy_n04_c03_uniform_r009,easy/uniform/n04_c03/easy_n04_c03_uniform_r009.json,easy,32,uniform,4,3,,9,15161818820175679223,2334b7407f8cd66e3a7b84d34d2357f3338d72d0561523616dc60a71e4d531f3,False,,
easy_n04_c04_witness_d100_r000,easy/witness/n04_c04/easy_n04_c04_witness_d100_r000.json,easy,48,witness,4,4,0.1,0,7692732594683535579,be7e5771ce4076ee8e8b269727c2408c69e69b36b841a2c1b8cc6f381f88f54f,True,2,2
easy_n04_c04_witness_d100_r001,easy/witness/n04_c04/easy_n04_c04_witness_d100_r001.json,easy,48,witness,4,4,0.1,1,16498281350680736986,98f9d1476c90f469cfc813f2e4af285dc8cbd87695a86402f652571719d1859b,True,2,2
easy_n04_c04_witness_d100_r002,easy/witness/n04_c04/easy_n04_c04_witness_d100_r002.json,easy,48,witness,4,4,0.1,2,5215631764851473270,5b212bb2703891419770e1ad19e65348e3502377a0589453c4b99284af18133d,True,4,4
easy_n04_c04_witness_d100_r003,easy/witness/n04_c04/easy_n04_c04_witness_d100_r003.json,easy,48,witness,4,4,0.1,3,17408015774726914106,17c8b1b97da002634fc4f3340d06e7398d35530cfde83290aac496a084f4cb60,True,5,5
easy_n04_c04_witness_d100_r004,easy/witness/n04_c04/easy_n04_c04_witness_d100_r004.json,easy,48,witness,4,4,0.1,4,2419967207305057969,40c8cbe5eafff32f92f9af805c2722e89efc5d7b0003eef7868cd439ce52215c,True,5,5
easy_n04_c04_witness_d100_r005,easy/witness/n04_c04/easy_n04_c04_witness_d100_r005.json,easy,48,witness,4,4,0.1,5,8582130414872339232,117a8fe8ef71e1df77760c1c7eaf13aed4a0b582f5717519126b763593137fcb,True,3,3
easy_n04_c04_witness_d100_r006,easy/witness/n04_c04/easy_n04_c04_witness_d100_r006.json,easy,48,witness,4,4,0.1,6,9201778769014069761,9b661754b8e0dbba58012f640c571e686f5399861ef007c5efd81bbaa18528bb,True,4,4
easy_n04_c04_witness_d100_r007,easy/witness/n04_c04/easy_n04_c04_witness_d100_r007.json,easy,48,witness,4,4,0.1,7,320823997379225695,8bd9787f01eff74e6934bf1679361df2b8c125457d34639f462d8465c0055892,True,6,6
easy_n04_c04_witness_d100_r008,easy/witness/n04_c04/easy_n04_c04_witness_d100_r008.json,easy,48,witness,4,4,0.1,8,13216319390952222100,8465e28a23d5006e885ee7bec36210455474d5555a20b4d6bc531269199ecbae,True,4,4
easy_n04_c04_witness_d100_r009,easy/witness/n04_c04/easy_n04_c04_witness_d100_r009.json,easy,48,witness,4,4,0.1,9,13030309784299616822,06381d08449b33cad3ddf6a5d9ce55caad2aaa53558db98736bb346fb0914172,True,5,5
easy_n04_c04_witness_d300_r000,easy/witness/n04_c04/easy_n04_c04_witness_d300_r000.json,easy,48,witness,4,4,0.3,0,382632358304641905,b79617454ca2a81aaf66306fd87d59fd69335b205d3855cd8ca176f3c48cc23b,True,8,8
easy_n04_c04_witness_d300_r001,easy/witness/n04_c04/easy_n04_c04_witness_d300_r001.json,easy,48,witness,4,4,0.3,1,12815405417046557153,4f245a4b8f361ed7fe886cd3b03af616fac3102f6c902968cf4d92183f36405c,True,7,7
easy_n04_c04_witness_d300_r002,easy/witness/n04_c04/easy_n04_c04_witness_d300_r002.json,easy,48,witness,4,4,0.3,2,5301518832763235724,2e7cf730522b7e93cf7735e07ac5151d8c58499ffdbc6c4389e65828c55f8c88,True,15,15
easy_n04_c04_witness_d300_r003,easy/witness/n04_c04/easy_n04_c04_witness_d300_r003.json,easy,48,witness,4,4,0.3,3,10726313862317166099,9e6221200a06f97c95c1fffe115b76e2583b131dc26cbb34db33fefcbd63a91b,True,13,13
easy_n04_c04_witness_d300_r004,easy/witness/n04_c04/easy_n04_c04_witness_d300_r004.json,easy,48,witness,4,4,0.3,4,7321576876412893183,19444fabe72bea490f9ec3eaa2b74bf60aecd2e7408e3699fbd1c7784664b5aa,True,10,10
easy_n04_c04_witness_d300_r005,easy/witness/n04_c04/easy_n04_c04_witness_d300_r005.json,easy,48,witness,4,4,0.3,5,367273070984285381,8db7454e228c975073e8a948164764ffbfdcc2a6e68bce235bed2e6c9284ca1a,True,12,12
easy_n04_c04_witness_d300_r006,easy/witness/n04_c04/easy_n04_c04_witness_d300_r006.json,easy,48,witness,4,4,0.3,6,11835705238760624087,d063925c0275dd24e7fe7c1722603aa8ea9d8bc746f9b9ac5a84890ee9675a11,True,7,7
easy_n04_c04_witness_d300_r007,easy/witness/n04_c04/easy_n04_c04_witness_d300_r007.json,easy,48,witness,4,4,0.3,7,6108958628247937680,45f687bb52e48d0f47d7712a2ad6fa25f383c93f68ee2b86c449c52971b7632d,True,9,9
easy_n04_c04_witness_d300_r008,easy/witness/n04_c04/easy_n04_c04_witness_d300_r008.json,easy,48,witness,4,4,0.3,8,4085286253678183761,88d20c9dc8239c4687b7e349fa483c5868f2fee2aafb85f845132b2cfc16ad4a,True,8,8
easy_n04_c04_witness_d300_r009,easy/witness/n04_c04/easy_n04_c04_witness_d300_r009.json,easy,48,witness,4,4,0.3,9,4669356446336969025,8426607f135521768cb0d940e9a25dfa4aada596026211dc5a629bcff28b3334,True,8,8
easy_n04_c04_witness_d600_r000,easy/witness/n04_c04/easy_n04_c04_witness_d600_r000.json,easy,48,witness,4,4,0.6,0,14316153356580953078,dd9df2ee74350f73e1ab6acf52f2651fe5ec59cd0375764b5109c589d31a1b39,True,18,18
easy_n04_c04_witness_d600_r001,easy/witness/n04_c04/easy_n04_c04_witness_d600_r001.json,easy,48,witness,4,4,0.6,1,12669351136159068228,084f28161dda64f4db776a27378fd95dc2595162726dfd3be3457c7e887a795d,True,23,23
easy_n04_c04_witness_d600_r002,easy/witness/n04_c04/easy_n04_c04_witness_d600_r002.json,easy,48,witness,4,4,0.6,2,11825044270177390131,35fee0ae669baf057d70fb06e07c9466ac174b6116ab9d1485ecf86660f7bc94,True,18,18
easy_n04_c04_witness_d600_r003,easy/witness/n04_c04/easy_n04_c04_witness_d600_r003.json,easy,48,witness,4,4,0.6,3,17609428019337821332,0e4e8a98d653609f74e93841bdb379e6fbb7cff4036012358ca9ea100622fad0,True,19,19
easy_n04_c04_witness_d600_r004,easy/witness/n04_c04/easy_n04_c04_witness_d600_r004.json,easy,48,witness,4,4,0.6,4,13108154078140154892,abf2a09f212ee396bba18057994f2d551a7b381751b4cef41ca788a734ceba55,True,23,23
easy_n04_c04_witness_d600_r005,easy/witness/n04_c04/easy_n04_c04_witness_d600_r005.json,easy,48,witness,4,4,0.6,5,9089215238721936428,12aaae72dab22764e984e3ec85eab4791c8fe4b1b126f80a2ac16489b0020672,True,22,22
easy_n04_c04_witness_d600_r006,easy/witness/n04_c04/easy_n04_c04_witness_d600_r006.json,easy,48,witness,4,4,0.6,6,9961815351818973356,e318b239da643528326af3e7c1fd5c8424dc0d2e7742d1eb743fd4c23cb178f6,True,22,22
easy_n04_c04_witness_d600_r007,easy/witness/n04_c04/easy_n04_c04_witness_d600_r007.json,easy,48,witness,4,4,0.6,7,1201759696816437313,876caa33d8f6983d5010ba5170b61a7956ed37a83514feded3f985305fc25727,True,20,20
easy_n04_c04_witness_d600_r008,easy/witness/n04_c04/easy_n04_c04_witness_d600_r008.json,easy,48,witness,4,4,0.6,8,11502950026034913025,9788083afd5bba26f82d9c025cee59ede5edfbda401c7db31cef98275ab9b70d,True,20,20
easy_n04_c04_witness_d600_r009,easy/witness/n04_c04/easy_n04_c04_witness_d600_r009.json,easy,48,witness,4,4,0.6,9,13140282504948258428,7f405a2bc13de2c04ab20074e95177b2996ece3bde7e059132c84ab6f098d46d,True,24,24
easy_n04_c04_uniform_r000,easy/uniform/n04_c04/easy_n04_c04_uniform_r000.json,easy,48,uniform,4,4,,0,7167978499782018496,408f68c0498cbabbfefbc089f29b03597b7215fae42b3ef0a2be6c678cfd5733,False,,
easy_n04_c04_uniform_r001,easy/uniform/n04_c04/easy_n04_c04_uniform_r001.json,easy,48,uniform,4,4,,1,4692740627256245393,8eab57fbbbd3c58b5841d23f0dd0312632c927835cc9b78ee22753341adac62b,False,,
easy_n04_c04_uniform_r002,easy/uniform/n04_c04/easy_n04_c04_uniform_r002.json,easy,48,uniform,4,4,,2,4756275760241337151,9b3caa8d9be2273bc66cf7897652460bc60ca8747031d46191d117ea2383ccee,False,,
easy_n04_c04_uniform_r003,easy/uniform/n04_c04/easy_n04_c04_uniform_r003.json,easy,48,uniform,4,4,,3,1866523543364107135,264766d23d17737d6cf04e778e249481878925b91a0be9e03341828e293c746d,False,,
easy_n04_c04_uniform_r004,easy/uniform/n04_c04/easy_n04_c04_uniform_r004.json,easy,48,uniform,4,4,,4,6510725811160893565,e076009b48ee0b05b2053b87f41fd4cdfb7b8e24c316281c10e118258e243c20,False,,
easy_n04_c04_uniform_r005,easy/uniform/n04_c04/easy_n04_c04_uniform_r005.json,easy,48,uniform,4,4,,5,1709773938291621816,23c107905bd2bcd22525146ff8122ee7bf46d7289eab4b2dfb18183d8268f2b4,False,,
easy_n04_c04_uniform_r006,easy/uniform/n04_c04/easy_n04_c04_uniform_r006.json,easy,48,uniform,4,4,,6,6054308791227793270,01dabd6d7950a22729e1cd164a6a1f2f3b15f7bc84b53346d2820dc7fbcb5700,False,,
easy_n04_c04_uniform_r007,easy/uniform/n04_c04/easy_n04_c04_uniform_r007.json,easy,48,uniform,4,4,,7,11122878622632752749,be22cfded8d3a867a46e2dd2706a2d5c095c5748986700809091746477230792,False,,
easy_n04_c04_uniform_r008,easy/uniform/n04_c04/easy_n04_c04_uniform_r008.json,easy,48,uniform,4,4,,8,264598202310809520,8badf25d526e8c4e2115ab0cdd9de0b738ab7839389b94df13b2862bb090f923,False,,
easy_n04_c04_uniform_r009,easy/uniform/n04_c04/easy_n04_c04_uniform_r009.json,easy,48,uniform,4,4,,9,5914905377386685377,278202779b7ba2985e0a2a2e5bb88df09679f9e3f31a5384c99412c819f122db,False,,
easy_n05_c02_witness_d100_r000,easy/witness/n05_c02/easy_n05_c02_witness_d100_r000.json,easy,25,witness,5,2,0.1,0,15163599072128339509,300a919367c3acc6c1bd6b6963bdd43d32085851c93ccd4e8300fe8ad2e2c128,True,2,2
easy_n05_c02_witness_d100_r001,easy/witness/n05_c02/easy_n05_c02_witness_d100_r001.json,easy,25,witness,5,2,0.1,1,5618096791033424533,9759d25a6242ab86683eec8657910555603b49eaa623766b37e63cb9ea88c6c2,True,2,2
easy_n05_c02_witness_d100_r002,easy/witness/n05_c02/easy_n05_c02_witness_d100_r002.json,easy,25,witness,5,2,0.1,2,5640373672126126904,aa43e6ce2590a2b16a16fe695239471d397bf2c97aa4cc60d4264b8f30f4705f,True,2,2
easy_n05_c02_witness_d100_r003,easy/witness/n05_c02/easy_n05_c02_witness_d100_r003.json,easy,25,witness,5,2,0.1,3,17578085416489055895,5349ba4a53614121ab012cd518d961dac26efb0d01124d7ad82b55db1f7dccec,True,2,2
easy_n05_c02_witness_d100_r004,easy/witness/n05_c02/easy_n05_c02_witness_d100_r004.json,easy,25,witness,5,2,0.1,4,1215286867331754739,2217bcf5f5a1a056ee5d2279af84d84b04a4bbf8569d6cbb13aa564b784ed14d,True,2,2
easy_n05_c02_witness_d100_r005,easy/witness/n05_c02/easy_n05_c02_witness_d100_r005.json,easy,25,witness,5,2,0.1,5,1572863014986317883,0410623d8e519bbe276657eb409d3cded8376c47e0790df3410454772161e5b2,True,2,2
easy_n05_c02_witness_d100_r006,easy/witness/n05_c02/easy_n05_c02_witness_d100_r006.json,easy,25,witness,5,2,0.1,6,8830438465757656359,a53748ddc30a48e810a71552e90df9aded08ba9fa9b46989cf21444ac170a783,True,2,2
easy_n05_c02_witness_d100_r007,easy/witness/n05_c02/easy_n05_c02_witness_d100_r007.json,easy,25,witness,5,2,0.1,7,5096449826581371971,41adf93b740e836ade1bacb7697385d42cd1db9bce392ca6048df90509812736,True,2,2
easy_n05_c02_witness_d100_r008,easy/witness/n05_c02/easy_n05_c02_witness_d100_r008.json,easy,25,witness,5,2,0.1,8,3621101305034403578,2e4db5381374298fdecd77bcb488d271ffec005dca53f2359e3459f7a7426ac0,True,2,2
easy_n05_c02_witness_d100_r009,easy/witness/n05_c02/easy_n05_c02_witness_d100_r009.json,easy,25,witness,5,2,0.1,9,17327286914730572139,e180f4966257e6ed341f9b232633ef697b27b2bbb6ee6162dc3ee3010a0b3f60,True,2,2
easy_n05_c02_witness_d300_r000,easy/witness/n05_c02/easy_n05_c02_witness_d300_r000.json,easy,25,witness,5,2,0.3,0,14233480091029593472,a34deb0ba75fae8902d927b3982a58dc5696e4d1f908e1485c7257014a24294a,True,8,8
easy_n05_c02_witness_d300_r001,easy/witness/n05_c02/easy_n05_c02_witness_d300_r001.json,easy,25,witness,5,2,0.3,1,7299490890243050160,d681387634af80a8dffe60cea9ca62e1e936e154c861ddbb8f53fbe7667a979b,True,8,8
easy_n05_c02_witness_d300_r002,easy/witness/n05_c02/easy_n05_c02_witness_d300_r002.json,easy,25,witness,5,2,0.3,2,6764763813791993237,a880814245bffc0b4bc0490c46ed359d03ddcd9ee27fbde35eb63d48193e977a,True,8,8
easy_n05_c02_witness_d300_r003,easy/witness/n05_c02/easy_n05_c02_witness_d300_r003.json,easy,25,witness,5,2,0.3,3,15362878277707138273,054c30fa46b127537107bd932dfd2d983d88133ab4c4ae4b68df990d41a4291c,True,8,8
easy_n05_c02_witness_d300_r004,easy/witness/n05_c02/easy_n05_c02_witness_d300_r004.json,easy,25,witness,5,2,0.3,4,18444652114593657978,d702992f3b0bb0ffbbf253eed980b67f0587b5886fc36e2365a412284ea760b8,True,8,8
easy_n05_c02_witness_d300_r005,easy/witness/n05_c02/easy_n05_c02_witness_d300_r005.json,easy,25,witness,5,2,0.3,5,7441974430772683992,83dedef53c18f7e8b211f27bca8481c0850b760e6e3301ba49d685cf0618099e,True,8,8
easy_n05_c02_witness_d300_r006,easy/witness/n05_c02/easy_n05_c02_witness_d300_r006.json,easy,25,witness,5,2,0.3,6,14784075270929802550,154be2b4d2509e6b0ca0ff217b8a92be44b72fadf5936c19507418ff24e74e7a,True,8,8
easy_n05_c02_witness_d300_r007,easy/witness/n05_c02/easy_n05_c02_witness_d300_r007.json,easy,25,witness,5,2,0.3,7,10605448673634082360,e344304a1f6a4c5b67745bceae2dae9724287e08193bb2bf67709e753b9ba471,True,8,8
easy_n05_c02_witness_d300_r008,easy/witness/n05_c02/easy_n05_c02_witness_d300_r008.json,easy,25,witness,5,2,0.3,8,16992721767081775469,538a16f26218aaf0f4bb5e17db040e9d6cfde706c437cfd265fbb33163b2e043,True,8,8
easy_n05_c02_witness_d300_r009,easy/witness/n05_c02/easy_n05_c02_witness_d300_r009.json,easy,25,witness,5,2,0.3,9,12460447818510004244,8d922a8c715f17044a58a04162c7ad17ed066d7f694cda54e131756433b02ce5,True,8,8
easy_n05_c02_witness_d600_r000,easy/witness/n05_c02/easy_n05_c02_witness_d600_r000.json,easy,25,witness,5,2,0.6,0,8756171181223091208,6e0b9dc0262b5d889b0a2b8bcc458232d8b3bf9b475e61d52ffdbc0a629adbf2,True,15,15
easy_n05_c02_witness_d600_r001,easy/witness/n05_c02/easy_n05_c02_witness_d600_r001.json,easy,25,witness,5,2,0.6,1,13267623223294663775,80f380e6538b89ac3b88f52fd4d4ce9c11d52e55bf81ac24ecc33a703cf3b238,True,15,15
easy_n05_c02_witness_d600_r002,easy/witness/n05_c02/easy_n05_c02_witness_d600_r002.json,easy,25,witness,5,2,0.6,2,16138679351901485660,4ce9d0c2f1ecf3b5719ef5bd52430beb291be68a25d78bf80f613a857a84bc8f,True,15,15
easy_n05_c02_witness_d600_r003,easy/witness/n05_c02/easy_n05_c02_witness_d600_r003.json,easy,25,witness,5,2,0.6,3,331366205405331594,73590c399645209596369e7efec9dbb27ceccbd041568177c3ef4efd118dc409,True,15,15
easy_n05_c02_witness_d600_r004,easy/witness/n05_c02/easy_n05_c02_witness_d600_r004.json,easy,25,witness,5,2,0.6,4,15565985785681653117,6056946eeb7d42c74b4445d238256576f8e18e406af254df4fb3c7bd26b65113,True,15,15
easy_n05_c02_witness_d600_r005,easy/witness/n05_c02/easy_n05_c02_witness_d600_r005.json,easy,25,witness,5,2,0.6,5,65436846666579441,f25380e1443e2f9f8cc967336004459c563198a104f0b5b47f7ad9371a1bda84,True,15,15
easy_n05_c02_witness_d600_r006,easy/witness/n05_c02/easy_n05_c02_witness_d600_r006.json,easy,25,witness,5,2,0.6,6,3555108654067234422,c254eacc182adb83f1a138004bb799bb12e37021064a6922004472096e6dc4df,True,15,15
easy_n05_c02_witness_d600_r007,easy/witness/n05_c02/easy_n05_c02_witness_d600_r007.json,easy,25,witness,5,2,0.6,7,2524887265322819407,02f7bd0bfdab41865ab1dd37ec15a56e897978dbe4ec79ff2de678bd6fe3214c,True,15,15
easy_n05_c02_witness_d600_r008,easy/witness/n05_c02/easy_n05_c02_witness_d600_r008.json,easy,25,witness,5,2,0.6,8,1442173831575497450,4cc274f8bd2d919d6c3e738c20de2978223e035e443321878a0ae01c57c24a23,True,15,15
easy_n05_c02_witness_d600_r009,easy/witness/n05_c02/easy_n05_c02_witness_d600_r009.json,easy,25,witness,5,2,0.6,9,8192149687124103174,4aaf1caad3fb82618556b3febe7e74d85f3b613c0f39934d1ba049f732d985dd,True,15,15
easy_n05_c02_uniform_r000,easy/uniform/n05_c02/easy_n05_c02_uniform_r000.json,easy,25,uniform,5,2,,0,17496171678729950425,1da533102879d7370070e29da89e21154fff613d814076ec024cc9e2bfdb5561,False,,
easy_n05_c02_uniform_r001,easy/uniform/n05_c02/easy_n05_c02_uniform_r001.json,easy,25,uniform,5,2,,1,9296839925522371170,f554c1c47839fcba66f2e1f807b60c520f61a548728b30d03e630706fe880e8b,False,,
easy_n05_c02_uniform_r002,easy/uniform/n05_c02/easy_n05_c02_uniform_r002.json,easy,25,uniform,5,2,,2,114108484069516318,0457fd8f26e9896a9d1d78656617a7677350839174c49c90b2a42bd96d38abaa,False,,
easy_n05_c02_uniform_r003,easy/uniform/n05_c02/easy_n05_c02_uniform_r003.json,easy,25,uniform,5,2,,3,5495936658382656752,94a173f12c583ae09dcad8d8a9a34a5ada58612255447fb75382edc7a52be250,False,,
easy_n05_c02_uniform_r004,easy/uniform/n05_c02/easy_n05_c02_uniform_r004.json,easy,25,uniform,5,2,,4,10881087363116676781,08de968d79f45e7f4054880fb55a04c7fd3e1f081b88480132637f51e5b56ef9,False,,
easy_n05_c02_uniform_r005,easy/uniform/n05_c02/easy_n05_c02_uniform_r005.json,easy,25,uniform,5,2,,5,2805212242003206207,306b581f029afacd8989ffa4a924b827f401c505a8697b41dc12bc6c6a5789e1,False,,
easy_n05_c02_uniform_r006,easy/uniform/n05_c02/easy_n05_c02_uniform_r006.json,easy,25,uniform,5,2,,6,928171403435847440,d906a57af7436a55beeebe2d21b9a7aa69ddb4276289ece8896e22e8da49ac5b,False,,
easy_n05_c02_uniform_r007,easy/uniform/n05_c02/easy_n05_c02_uniform_r007.json,easy,25,uniform,5,2,,7,4712050304475677991,a858971bd97952339c0d759ecec9b4bf5469c02859bf38c995ddaf6ad691e20c,False,,
easy_n05_c02_uniform_r008,easy/uniform/n05_c02/easy_n05_c02_uniform_r008.json,easy,25,uniform,5,2,,8,16063113565384805750,162e7e5a94d643d655e55d45f86d3c847bc7fe4faf7dcde85bc86143a6b19aec,False,,
easy_n05_c02_uniform_r009,easy/uniform/n05_c02/easy_n05_c02_uniform_r009.json,easy,25,uniform,5,2,,9,7993103913133605053,802e0391873c5df4f5d037ffa75f716c01efd4ba82b8dcb6c8086221b1e0e853,False,,
easy_n05_c03_witness_d100_r000,easy/witness/n05_c03/easy_n05_c03_witness_d100_r000.json,easy,50,witness,5,3,0.1,0,3723656192356126724,6fe5fa30d34c7d66ad5733c2b8833a1ad07c142e43acca84d7cbf20bf1660f55,True,4,4
easy_n05_c03_witness_d100_r001,easy/witness/n05_c03/easy_n05_c03_witness_d100_r001.json,easy,50,witness,5,3,0.1,1,8711517594518353530,e5e635299d6534153a4a91b60b12afc66455f79d90aa908f8c0ef271cc1f0c95,True,2,2
easy_n05_c03_witness_d100_r002,easy/witness/n05_c03/easy_n05_c03_witness_d100_r002.json,easy,50,witness,5,3,0.1,2,17537770690945279180,a1fec28b5914cad43c7ba60b121fcd75d3a2f351aa8392dc193dbe65cdff6d4a,True,4,4
easy_n05_c03_witness_d100_r003,easy/witness/n05_c03/easy_n05_c03_witness_d100_r003.json,easy,50,witness,5,3,0.1,3,14754785761578347283,284a6229e314f4f43601f62d8750585183cc566026d7eebc01848865b8610660,True,3,3
easy_n05_c03_witness_d100_r004,easy/witness/n05_c03/easy_n05_c03_witness_d100_r004.json,easy,50,witness,5,3,0.1,4,17070548280453417161,3b3d1a245bde7495d84c8527290f9e894f7d233c4936ad7b3165190a8a8ec6e0,True,4,4
easy_n05_c03_witness_d100_r005,easy/witness/n05_c03/easy_n05_c03_witness_d100_r005.json,easy,50,witness,5,3,0.1,5,13797623427294472692,bb4f3cb196076244b161d6f4e55d506fb0d90275820d191535ea579c490c2692,True,4,4
easy_n05_c03_witness_d100_r006,easy/witness/n05_c03/easy_n05_c03_witness_d100_r006.json,easy,50,witness,5,3,0.1,6,8499892580491630156,93dc2998f96499b92fc136f5409c1f6d5a4434f56583522e95c3c64edf84786a,True,2,2
easy_n05_c03_witness_d100_r007,easy/witness/n05_c03/easy_n05_c03_witness_d100_r007.json,easy,50,witness,5,3,0.1,7,11883007123885284183,2ce8451c352feaa7e1fb7a0823c09bf2f892afc00e3f9c0026135d555ad1ceb8,True,2,2
easy_n05_c03_witness_d100_r008,easy/witness/n05_c03/easy_n05_c03_witness_d100_r008.json,easy,50,witness,5,3,0.1,8,1607384725952482697,138352abc1b21585c301192040a674f39f03f4e1b41af26d394e297eac6dbe51,True,3,3
easy_n05_c03_witness_d100_r009,easy/witness/n05_c03/easy_n05_c03_witness_d100_r009.json,easy,50,witness,5,3,0.1,9,5617040007026690941,7b150ccc29c6d82356cd06b75b8db0610e0d8b6f70732b8c7fcebdb9b6d2d174,True,3,3
easy_n05_c03_witness_d300_r000,easy/witness/n05_c03/easy_n05_c03_witness_d300_r000.json,easy,50,witness,5,3,0.3,0,11967774564436519121,8926af9b5f5fde958389827bdfa991a0ce393228d1f48174d15ded3ccd096761,True,10,10
easy_n05_c03_witness_d300_r001,easy/witness/n05_c03/easy_n05_c03_witness_d300_r001.json,easy,50,witness,5,3,0.3,1,2139497125714749257,726d3a3fe8adc473c03f45bd121a387939a393e5d31c49b8d5c62cce42f87caf,True,14,14
easy_n05_c03_witness_d300_r002,easy/witness/n05_c03/easy_n05_c03_witness_d300_r002.json,easy,50,witness,5,3,0.3,2,14366949976188411691,3447626154fdabcbd85eac026052e1639219919764f3ed392ba8fd13742343f1,True,11,11
easy_n05_c03_witness_d300_r003,easy/witness/n05_c03/easy_n05_c03_witness_d300_r003.json,easy,50,witness,5,3,0.3,3,11061568370909610015,763b57e76c389eabe17b45e2cc5fc2116fca1ce2ba731ff90ae453275a147968,True,12,12
easy_n05_c03_witness_d300_r004,easy/witness/n05_c03/easy_n05_c03_witness_d300_r004.json,easy,50,witness,5,3,0.3,4,3599156514040844328,c2be5e6d38588da96bebd6d12905f0dbd9f50acb44ccb2354b66c508d3dc2103,True,12,12
easy_n05_c03_witness_d300_r005,easy/witness/n05_c03/easy_n05_c03_witness_d300_r005.json,easy,50,witness,5,3,0.3,5,4436509672105112373,4882f4de33bf340abc46d16d131e51e83187a8e2535c71b55b3afa4ce2551519,True,13,13
easy_n05_c03_witness_d300_r006,easy/witness/n05_c03/easy_n05_c03_witness_d300_r006.json,easy,50,witness,5,3,0.3,6,12285643205650803383,60637cafda127cc6ef9f06ae8a9fcf228754e047c934ec3cf9a5ac95fedafacb,True,11,11
easy_n05_c03_witness_d300_r007,easy/witness/n05_c03/easy_n05_c03_witness_d300_r007.json,easy,50,witness,5,3,0.3,7,9936118173288579443,3af2148bad20abb1fe384f54d3744ff7170881bac0d3cbe88fc9ddb5ba13bdba,True,13,13
easy_n05_c03_witness_d300_r008,easy/witness/n05_c03/easy_n05_c03_witness_d300_r008.json,easy,50,witness,5,3,0.3,8,14867815357560907717,e2655a211eea86dd58ee70c261f2311e2468819a253fa3259db725eef5de9fb5,True,14,14
easy_n05_c03_witness_d300_r009,easy/witness/n05_c03/easy_n05_c03_witness_d300_r009.json,easy,50,witness,5,3,0.3,9,1975719772446491447,52f297bda7edf4d0c51ca873817f5fbf8466ef729f3b0f22b9ce9025d28cedea,True,15,15
easy_n05_c03_witness_d600_r000,easy/witness/n05_c03/easy_n05_c03_witness_d600_r000.json,easy,50,witness,5,3,0.6,0,9575787393116051855,cdebe4185951829579697c071234958c7a39a0391ca3b16844f8eaf73ecc1de8,True,20,20
easy_n05_c03_witness_d600_r001,easy/witness/n05_c03/easy_n05_c03_witness_d600_r001.json,easy,50,witness,5,3,0.6,1,8239305745043244758,5e240933071310e12c40ac8542ebbd32c8558ea5c1fc8fe821688e567a0b4895,True,25,25
easy_n05_c03_witness_d600_r002,easy/witness/n05_c03/easy_n05_c03_witness_d600_r002.json,easy,50,witness,5,3,0.6,2,14237371101118888645,663403d6aa3aa9b1fcf91784cefbb204271e0f0920f1560597d5b221668a7842,True,25,25
easy_n05_c03_witness_d600_r003,easy/witness/n05_c03/easy_n05_c03_witness_d600_r003.json,easy,50,witness,5,3,0.6,3,12998792168824022295,cefbcdaeba28ff2060c56250391c1c5f91433fb3dfcf699d527c2740ca56a97a,True,26,26
easy_n05_c03_witness_d600_r004,easy/witness/n05_c03/easy_n05_c03_witness_d600_r004.json,easy,50,witness,5,3,0.6,4,4394470948800371548,d03c0ad914e263c0cd48650fc7e22c9a148a49296063a0fe73943d1ba077963c,True,24,24
easy_n05_c03_witness_d600_r005,easy/witness/n05_c03/easy_n05_c03_witness_d600_r005.json,easy,50,witness,5,3,0.6,5,17862547924885843754,12ef6f719928f756ec4868a33a7a8c6dd63f564dfa4ec8c7fa69489c9b2fff24,True,24,24
easy_n05_c03_witness_d600_r006,easy/witness/n05_c03/easy_n05_c03_witness_d600_r006.json,easy,50,witness,5,3,0.6,6,13023858237411728840,fd63944b140f9525aa7f6181daa7a68c2b326f98f3f95194d42fccf7dfa2565d,True,25,25
easy_n05_c03_witness_d600_r007,easy/witness/n05_c03/easy_n05_c03_witness_d600_r007.json,easy,50,witness,5,3,0.6,7,5864721642472626667,2690596cce49f88757b91acf25d96833d42db5203b31ad1074dc9ffe1b673252,True,22,22
easy_n05_c03_witness_d600_r008,easy/witness/n05_c03/easy_n05_c03_witness_d600_r008.json,easy,50,witness,5,3,0.6,8,10418043988111862064,c60a783f3998fc1dfb898eee8b4b199ac13aedf86c67846346a54d1d383b58c9,True,20,20
easy_n05_c03_witness_d600_r009,easy/witness/n05_c03/easy_n05_c03_witness_d600_r009.json,easy,50,witness,5,3,0.6,9,16582355076865565208,dd6422a1c23a537f7483a44e60d1cce676d08f1dc3567b3c687a05e30063e1f5,True,24,24
easy_n05_c03_uniform_r000,easy/uniform/n05_c03/easy_n05_c03_uniform_r000.json,easy,50,uniform,5,3,,0,17193114245156362000,b2ede3f6ae36da6f6639c95b1bd3b56dc959cac86e97ecc796a50a0ac0be5b7f,False,,
easy_n05_c03_uniform_r001,easy/uniform/n05_c03/easy_n05_c03_uniform_r001.json,easy,50,uniform,5,3,,1,5657413872418919811,63b3136cd5944333f21f3f4f54a130b8d66975f1d39a0c3dd30e180700234b74,False,,
easy_n05_c03_uniform_r002,easy/uniform/n05_c03/easy_n05_c03_uniform_r002.json,easy,50,uniform,5,3,,2,2473644539860662939,b35bab15bff1739f7d9996ecf8f619aded5fea96050954843d55614f24d098c2,False,,
easy_n05_c03_uniform_r003,easy/uniform/n05_c03/easy_n05_c03_uniform_r003.json,easy,50,uniform,5,3,,3,15598741323887564605,6692a73b017e0a7d0c40c4522d9e4242398b02c16ee8151aadf4dd2f6014c4da,False,,
easy_n05_c03_uniform_r004,easy/uniform/n05_c03/easy_n05_c03_uniform_r004.json,easy,50,uniform,5,3,,4,3230248533934280135,b9437ad21bc71089421964d36e3f6bd40b789cb48bd88241754965db74171f42,False,,
easy_n05_c03_uniform_r005,easy/uniform/n05_c03/easy_n05_c03_uniform_r005.json,easy,50,uniform,5,3,,5,11745054800799111209,18b14b9b981e90c64a18ffa21d1f5ed43525e7d77fe49cad897cb6915d0c9d27,False,,
easy_n05_c03_uniform_r006,easy/uniform/n05_c03/easy_n05_c03_uniform_r006.json,easy,50,uniform,5,3,,6,14586051510611055626,1886d1d87b321f387b2dd696428d0d13f17474f19bcaf933aa74e96a0a9dbb44,False,,
easy_n05_c03_uniform_r007,easy/uniform/n05_c03/easy_n05_c03_uniform_r007.json,easy,50,uniform,5,3,,7,3572359085249661488,d173e4189593b6fb29d709528aaecb77aa9ad980fb24e78d27553cba29e5f4a3,False,,
easy_n05_c03_uniform_r008,easy/uniform/n05_c03/easy_n05_c03_uniform_r008.json,easy,50,uniform,5,3,,8,2112184280849051403,95a3dcdda2f949a47c201eeb1f72cd7280c5b50b52f36e2e3cd4ac856b3a63b1,False,,
easy_n05_c03_uniform_r009,easy/uniform/n05_c03/easy_n05_c03_uniform_r009.json,easy,50,uniform,5,3,,9,3082232176794223280,75f1d8f34d6662b8d74223ca7cc8b910d387d941b1079f9fd005dc84c994b224,False,,
medium_n05_c04_witness_d100_r000,medium/witness/n05_c04/medium_n05_c04_witness_d100_r000.json,medium,75,witness,5,4,0.1,0,16286953507789935186,010ab04718f163e879a1ffdb6a29dd164d864eac09ee1da69880d59cdbecd2a5,True,2,2
medium_n05_c04_witness_d100_r001,medium/witness/n05_c04/medium_n05_c04_witness_d100_r001.json,medium,75,witness,5,4,0.1,1,17025037435743469459,6853730203f6f686566d32e56773190439b4f2991bf07653deb58f863db283d2,True,4,4
medium_n05_c04_witness_d100_r002,medium/witness/n05_c04/medium_n05_c04_witness_d100_r002.json,medium,75,witness,5,4,0.1,2,16607322164535637323,a1a6cfb09af43ffdcb4eaca04f3f550debe8b2c9ccbbcf35ff951e93233a7b5b,True,5,5
medium_n05_c04_witness_d100_r003,medium/witness/n05_c04/medium_n05_c04_witness_d100_r003.json,medium,75,witness,5,4,0.1,3,431726760396984437,aa84d9ce5692cd9b681167c2532b57ed413df241dfc0108bab7b853d2f67b418,True,4,4
medium_n05_c04_witness_d100_r004,medium/witness/n05_c04/medium_n05_c04_witness_d100_r004.json,medium,75,witness,5,4,0.1,4,16523290663914378606,3a640de2aa15f60f18300d07a297cee0b367ec5417e79f458b566d93f2556f37,True,4,4
medium_n05_c04_witness_d100_r005,medium/witness/n05_c04/medium_n05_c04_witness_d100_r005.json,medium,75,witness,5,4,0.1,5,14586694727529893559,3dc3e7ae557d71e96e546ed3144a0b71d41a449310472c84d0aa002aecfc053f,True,5,5
medium_n05_c04_witness_d100_r006,medium/witness/n05_c04/medium_n05_c04_witness_d100_r006.json,medium,75,witness,5,4,0.1,6,8751209431370988702,ef15b529e0b0be58cd9ea62aebf9815728ff223e844e52e63d81fd92e32972c2,True,2,2
medium_n05_c04_witness_d100_r007,medium/witness/n05_c04/medium_n05_c04_witness_d100_r007.json,medium,75,witness,5,4,0.1,7,9381972123757399135,f8a4f0b88d15df9462f68c69e57b285c4e9ad6e9cc5bec737229e43ab41ce1fb,True,4,4
medium_n05_c04_witness_d100_r008,medium/witness/n05_c04/medium_n05_c04_witness_d100_r008.json,medium,75,witness,5,4,0.1,8,12203047070961775776,99fdaff9d34e94cddcadd1b964e6f265a47046bb27cb159804d2a500834cb3ec,True,3,3
medium_n05_c04_witness_d100_r009,medium/witness/n05_c04/medium_n05_c04_witness_d100_r009.json,medium,75,witness,5,4,0.1,9,6316712831021834390,9f2bb6526199a710d0057fd33cd8d810336cd75fd1c6b28f3a34ec6a6160e244,True,4,4
medium_n05_c04_witness_d300_r000,medium/witness/n05_c04/medium_n05_c04_witness_d300_r000.json,medium,75,witness,5,4,0.3,0,13648435423161943840,0d616144ff7ffe80ed88f1991912d0116de062c973305baeafde269358570ee1,True,16,16
medium_n05_c04_witness_d300_r001,medium/witness/n05_c04/medium_n05_c04_witness_d300_r001.json,medium,75,witness,5,4,0.3,1,2408605678472877450,6e84819ec31528e883fe87f712fe9dd073f16b998a31a3ef396d30188cfa2883,True,19,19
medium_n05_c04_witness_d300_r002,medium/witness/n05_c04/medium_n05_c04_witness_d300_r002.json,medium,75,witness,5,4,0.3,2,10431701429488086717,fd4ee74e8d9c77a52dfb3c1b8b2e97e61810bb28eae465d039de4bf897373463,True,15,15
medium_n05_c04_witness_d300_r003,medium/witness/n05_c04/medium_n05_c04_witness_d300_r003.json,medium,75,witness,5,4,0.3,3,8835704491574921532,67047054115b6bf196016dc955482a322351e2da8944346a0875a9bac958864a,True,14,14
medium_n05_c04_witness_d300_r004,medium/witness/n05_c04/medium_n05_c04_witness_d300_r004.json,medium,75,witness,5,4,0.3,4,886382257752185606,3fcd2c55cc48433cc3158b6c0547aed31e11ab2a5933b6d0634f9330b077ee79,True,18,18
medium_n05_c04_witness_d300_r005,medium/witness/n05_c04/medium_n05_c04_witness_d300_r005.json,medium,75,witness,5,4,0.3,5,14839112601597991264,4209dea7e47e87d484e04aa10d67d4dff8c1a4d47edba00de53bfe1f29affcb7,True,17,17
medium_n05_c04_witness_d300_r006,medium/witness/n05_c04/medium_n05_c04_witness_d300_r006.json,medium,75,witness,5,4,0.3,6,11183501814393593365,f1dba0e88859c8fd31add2a5b1dc436324dce7b15ce2a0bcd1500855510b6727,True,18,18
medium_n05_c04_witness_d300_r007,medium/witness/n05_c04/medium_n05_c04_witness_d300_r007.json,medium,75,witness,5,4,0.3,7,17168588326548867101,04329641cc8e11315b28225f8b775dda5f9072167dfed76458dc6478af897617,True,19,19
medium_n05_c04_witness_d300_r008,medium/witness/n05_c04/medium_n05_c04_witness_d300_r008.json,medium,75,witness,5,4,0.3,8,14432100510354726891,e80e8c06e434199baa0e4098819e37b1f6d6a658638699524ce2ab0d3ffe7503,True,17,17
medium_n05_c04_witness_d300_r009,medium/witness/n05_c04/medium_n05_c04_witness_d300_r009.json,medium,75,witness,5,4,0.3,9,288194197768780801,5cebb5b380d04332a86f9a1f2559c5babc7c4fe84ecdedcfe3068f1351747664,True,16,16
medium_n05_c04_witness_d600_r000,medium/witness/n05_c04/medium_n05_c04_witness_d600_r000.json,medium,75,witness,5,4,0.6,0,9196253191069945685,e5f98a3270873f2f5f7c245a7fd65608e59f6109d5bf281007b82e25e9eae4ad,True,28,28
medium_n05_c04_witness_d600_r001,medium/witness/n05_c04/medium_n05_c04_witness_d600_r001.json,medium,75,witness,5,4,0.6,1,6972317429999442506,a23435962ff557400640e5bee6f7e01de8d1c54a8af28ded5cac6c096d908b5e,True,31,31
medium_n05_c04_witness_d600_r002,medium/witness/n05_c04/medium_n05_c04_witness_d600_r002.json,medium,75,witness,5,4,0.6,2,16020797165180525519,2f1937fecf04accfa79caf03b5c96dd4aee5689735b5602316eb72e8edcbc73c,True,30,30
medium_n05_c04_witness_d600_r003,medium/witness/n05_c04/medium_n05_c04_witness_d600_r003.json,medium,75,witness,5,4,0.6,3,5809055945118140988,91a00eaacf238a417ad533a20c3045c976a6bdc5f4fb83ae3508946fb9482d71,True,32,32
medium_n05_c04_witness_d600_r004,medium/witness/n05_c04/medium_n05_c04_witness_d600_r004.json,medium,75,witness,5,4,0.6,4,7953794013453873477,f3e3f4d37652444579c296c359efb2c85cd74fb7145e951bb00afe4bb5d7d75b,True,30,30
medium_n05_c04_witness_d600_r005,medium/witness/n05_c04/medium_n05_c04_witness_d600_r005.json,medium,75,witness,5,4,0.6,5,9500043639018673081,61e8698523694043ad29ccf77a67cc462a8ed958d3300a3e75a981ed37515c3d,True,26,26
medium_n05_c04_witness_d600_r006,medium/witness/n05_c04/medium_n05_c04_witness_d600_r006.json,medium,75,witness,5,4,0.6,6,4208328500542469306,ef69d70daf6d6984851c10644fc9980c86808529dabd726d24e39e5cb2199a61,True,30,30
medium_n05_c04_witness_d600_r007,medium/witness/n05_c04/medium_n05_c04_witness_d600_r007.json,medium,75,witness,5,4,0.6,7,15169947098263787354,ff5f98338c118dc0958b5c8b2322a9177300cc143fcbc86a374271226b4b4f1d,True,32,32
medium_n05_c04_witness_d600_r008,medium/witness/n05_c04/medium_n05_c04_witness_d600_r008.json,medium,75,witness,5,4,0.6,8,469274143031620918,b5fb75bceefe7cb8099f4fe1802be83d412fba873c0e003ea3bb0081a9b56cb1,True,29,29
medium_n05_c04_witness_d600_r009,medium/witness/n05_c04/medium_n05_c04_witness_d600_r009.json,medium,75,witness,5,4,0.6,9,16602207394451836952,6c16d2835d7b9d9dec5f21f3f04eb4915b28d68b562f589393a44f8c40d3471a,True,33,33
medium_n05_c04_uniform_r000,medium/uniform/n05_c04/medium_n05_c04_uniform_r000.json,medium,75,uniform,5,4,,0,14279402181937227866,5554f21dc1950db583f9e42a0375ad65b01d6f89307b98089fc3d4f2a014f627,False,,
medium_n05_c04_uniform_r001,medium/uniform/n05_c04/medium_n05_c04_uniform_r001.json,medium,75,uniform,5,4,,1,3097022916227667083,b0b51001595450832ec7d9f4b38b8137275d2fc78b52eb79d8f1bf9b73e7138a,False,,
medium_n05_c04_uniform_r002,medium/uniform/n05_c04/medium_n05_c04_uniform_r002.json,medium,75,uniform,5,4,,2,14692043612932828820,285b55139611f29e4f8052ccea9dd9acb7867278d26b26ef0297eb5f70244b75,False,,
medium_n05_c04_uniform_r003,medium/uniform/n05_c04/medium_n05_c04_uniform_r003.json,medium,75,uniform,5,4,,3,18235840715552507184,5e5723f133754c9d4aab6d3b23a48d3f81aea9f4e2da7ab2c9d670a4f3e57c8e,False,,
medium_n05_c04_uniform_r004,medium/uniform/n05_c04/medium_n05_c04_uniform_r004.json,medium,75,uniform,5,4,,4,7745413839133905629,35147af783963b9ca55912c934158f3c9a058266f9c251d5f7aac39aeeb32f37,False,,
medium_n05_c04_uniform_r005,medium/uniform/n05_c04/medium_n05_c04_uniform_r005.json,medium,75,uniform,5,4,,5,3430354346478077547,9ec4681303a54e625b86a25f3668bba1dfc32d12d9676879f0154062bb724f09,False,,
medium_n05_c04_uniform_r006,medium/uniform/n05_c04/medium_n05_c04_uniform_r006.json,medium,75,uniform,5,4,,6,8496748272539219760,009c2e3a04edf951d5ca3a6b7bf0ae1216e51774d0bcd7502dd9bbde667c08fb,False,,
medium_n05_c04_uniform_r007,medium/uniform/n05_c04/medium_n05_c04_uniform_r007.json,medium,75,uniform,5,4,,7,4548271603933845490,9c70a3ca7c5514334e9ed3e7925ff85257fcbe58be5559cabf2885ee69fdcb7c,False,,
medium_n05_c04_uniform_r008,medium/uniform/n05_c04/medium_n05_c04_uniform_r008.json,medium,75,uniform,5,4,,8,15025202326407747339,72cef7e59965e9a093d449a82c2a46929660f9e76dd66a4b7143ff49909da2eb,False,,
medium_n05_c04_uniform_r009,medium/uniform/n05_c04/medium_n05_c04_uniform_r009.json,medium,75,uniform,5,4,,9,7194187993316968043,25f8a00376b4aae13b5f8f11999b6f11a63e669557cd9af1cea069163d7ed0cc,False,,
easy_n06_c02_witness_d100_r000,easy/witness/n06_c02/easy_n06_c02_witness_d100_r000.json,easy,36,witness,6,2,0.1,0,1124942070934642626,d0e86f54a8db6a2d3dca1ccc38b26db8250a5f1d877bf94b10a47675aebc207f,True,4,4
easy_n06_c02_witness_d100_r001,easy/witness/n06_c02/easy_n06_c02_witness_d100_r001.json,easy,36,witness,6,2,0.1,1,4644864289068789066,50c9abf473d341f3d14c2e7d2aec800aef3ec435315d6333871dfb2408b43f7e,True,4,4
easy_n06_c02_witness_d100_r002,easy/witness/n06_c02/easy_n06_c02_witness_d100_r002.json,easy,36,witness,6,2,0.1,2,5478436057986459506,a4624d24f78da543939916002838777b4cbdbd2449736f5fc589dc284d406916,True,4,4
easy_n06_c02_witness_d100_r003,easy/witness/n06_c02/easy_n06_c02_witness_d100_r003.json,easy,36,witness,6,2,0.1,3,13391795953616316612,39561307afdfe9022fb6ef2ce7a3c95e7b7022a8fe702b6407f09baa07d3e180,True,4,4
easy_n06_c02_witness_d100_r004,easy/witness/n06_c02/easy_n06_c02_witness_d100_r004.json,easy,36,witness,6,2,0.1,4,12301042971028062127,9626fcba9420bb870a1175de0980dbe0e09f1766795f5343c809085628dbf153,True,4,4
easy_n06_c02_witness_d100_r005,easy/witness/n06_c02/easy_n06_c02_witness_d100_r005.json,easy,36,witness,6,2,0.1,5,14916347593575154351,e99b3fe3b1474fc594642198c3e8a292a13366649a5ac81e40afc2d780d69feb,True,4,4
easy_n06_c02_witness_d100_r006,easy/witness/n06_c02/easy_n06_c02_witness_d100_r006.json,easy,36,witness,6,2,0.1,6,7647309087989265614,b2d58f68430ef2e8b9b5e101fd3bd2d1f061dad2a2d4b8516ad4f3669e6a0ba0,True,4,4
easy_n06_c02_witness_d100_r007,easy/witness/n06_c02/easy_n06_c02_witness_d100_r007.json,easy,36,witness,6,2,0.1,7,3714458018064554503,b3f61089ee4d8e10e8a6bdc3e1ecbc73ebe391d01dfdc5d3d6dc34cbf4dcd0ab,True,4,4
easy_n06_c02_witness_d100_r008,easy/witness/n06_c02/easy_n06_c02_witness_d100_r008.json,easy,36,witness,6,2,0.1,8,1010720753602463410,b5bc9399b05609e08e36c312b23ed4022c56e3f22f3ac68612a707a7b3d58bbf,True,4,4
easy_n06_c02_witness_d100_r009,easy/witness/n06_c02/easy_n06_c02_witness_d100_r009.json,easy,36,witness,6,2,0.1,9,9853234219974025079,c8999bd56678a59197791ef4975d8d04e94d6bb2797f801fa4fd88eb0beb64e7,True,4,4
easy_n06_c02_witness_d300_r000,easy/witness/n06_c02/easy_n06_c02_witness_d300_r000.json,easy,36,witness,6,2,0.3,0,11079568119346378895,371a2acd1833be66ab83253563053651b9ec6517f42d02e2da409aa1601a03ae,True,11,11
easy_n06_c02_witness_d300_r001,easy/witness/n06_c02/easy_n06_c02_witness_d300_r001.json,easy,36,witness,6,2,0.3,1,4697367735372606043,2ebc5a9edab543c391be310806e6d027314a4a1c6b28cc4a4b12683b55ca8cf2,True,11,11
easy_n06_c02_witness_d300_r002,easy/witness/n06_c02/easy_n06_c02_witness_d300_r002.json,easy,36,witness,6,2,0.3,2,7660095813206084045,bfd406c9a21970b7e2eecb962a4dc0e0eee7d2c099e0f3b108578e3047d15b25,True,11,11
easy_n06_c02_witness_d300_r003,easy/witness/n06_c02/easy_n06_c02_witness_d300_r003.json,easy,36,witness,6,2,0.3,3,10720090385376907601,6612fc21f830d0adea1c098103e9edff1f7efeefc69ec643163c6eadb973b614,True,11,11
easy_n06_c02_witness_d300_r004,easy/witness/n06_c02/easy_n06_c02_witness_d300_r004.json,easy,36,witness,6,2,0.3,4,183626425078265860,ba372139ba4f2113b2f3ac5946e9fea26aa9f359c988e355fd27404dec62db96,True,11,11
easy_n06_c02_witness_d300_r005,easy/witness/n06_c02/easy_n06_c02_witness_d300_r005.json,easy,36,witness,6,2,0.3,5,16062486299750109124,0f60ca0d570c9c7c87d5d3e9afb2589ec89ff30d4f56da054e1ed67e575366e8,True,11,11
easy_n06_c02_witness_d300_r006,easy/witness/n06_c02/easy_n06_c02_witness_d300_r006.json,easy,36,witness,6,2,0.3,6,13724245715423357085,9d81cd10638c0834767d0bb53eafce0a8f9221459d5c29bc1d91421ab9f10d02,True,11,11
easy_n06_c02_witness_d300_r007,easy/witness/n06_c02/easy_n06_c02_witness_d300_r007.json,easy,36,witness,6,2,0.3,7,18163463589922540437,c60fe5fdbc2a87e62d5db068e327845e55ca6f96816d13914b24e982ce673b45,True,11,11
easy_n06_c02_witness_d300_r008,easy/witness/n06_c02/easy_n06_c02_witness_d300_r008.json,easy,36,witness,6,2,0.3,8,15077359810018139201,5f9e60004287f3f5e96e30943dd518a4d5761515e93ddd256ff258f5bcfcc227,True,11,11
easy_n06_c02_witness_d300_r009,easy/witness/n06_c02/easy_n06_c02_witness_d300_r009.json,easy,36,witness,6,2,0.3,9,3417824063911912566,089723361576523a042b9c503cce691885d37b7a2040443fa2e3b13b0b4d6395,True,11,11
easy_n06_c02_witness_d600_r000,easy/witness/n06_c02/easy_n06_c02_witness_d600_r000.json,easy,36,witness,6,2,0.6,0,14482201358514256658,ae5c8b8a6ed232ccdc4ddd9f247e91508bf6fd0d7ee90439b20415149c60b0c4,True,22,22
easy_n06_c02_witness_d600_r001,easy/witness/n06_c02/easy_n06_c02_witness_d600_r001.json,easy,36,witness,6,2,0.6,1,8901197422250568220,70d29255a4623c6a09b7b2d1fcc7505c31a2b3e337def186c0d861dd793e8b8e,True,22,22
easy_n06_c02_witness_d600_r002,easy/witness/n06_c02/easy_n06_c02_witness_d600_r002.json,easy,36,witness,6,2,0.6,2,13131916264766134752,db741377c4522129bd8b487a0833f0629aa2d833871491de7a845d7db4e3449a,True,22,22
easy_n06_c02_witness_d600_r003,easy/witness/n06_c02/easy_n06_c02_witness_d600_r003.json,easy,36,witness,6,2,0.6,3,2024263099508626095,8a9253586e533dfa6cae001754ef5f259dc29107811d4f78125fec74e80e211f,True,22,22
easy_n06_c02_witness_d600_r004,easy/witness/n06_c02/easy_n06_c02_witness_d600_r004.json,easy,36,witness,6,2,0.6,4,2156301129686381562,3f109cd78478c6f7970951fef98c36a530c3c54f309841f03631aa8739c127d3,True,22,22
easy_n06_c02_witness_d600_r005,easy/witness/n06_c02/easy_n06_c02_witness_d600_r005.json,easy,36,witness,6,2,0.6,5,13486414627367181712,9a3ac88417fe950d26dbeed41d5088e6768547c16ea72d5d2487544331f40b44,True,22,22
easy_n06_c02_witness_d600_r006,easy/witness/n06_c02/easy_n06_c02_witness_d600_r006.json,easy,36,witness,6,2,0.6,6,8138820966459346344,e99df6a15b6de9b5409baf54eea0157bd87d99a9d8ae5da0bc6bf6c5da7a6f71,True,22,22
easy_n06_c02_witness_d600_r007,easy/witness/n06_c02/easy_n06_c02_witness_d600_r007.json,easy,36,witness,6,2,0.6,7,12638778384506787770,db45dc440b60f27134fb45cd604d9b7eaccf845d962b9a2707371cb0b700b83a,True,22,22
easy_n06_c02_witness_d600_r008,easy/witness/n06_c02/easy_n06_c02_witness_d600_r008.json,easy,36,witness,6,2,0.6,8,7928901611500980249,8cc4cef6aeffee3948d84d192824ad664c48411dbe02e0153eba2cbd24d3175a,True,22,22
easy_n06_c02_witness_d600_r009,easy/witness/n06_c02/easy_n06_c02_witness_d600_r009.json,easy,36,witness,6,2,0.6,9,4709196248666128438,0354573db1ecf49428b7b19352e3842dca929ebec25b9f72c64610f846ae4924,True,22,22
easy_n06_c02_uniform_r000,easy/uniform/n06_c02/easy_n06_c02_uniform_r000.json,easy,36,uniform,6,2,,0,15723206035412267337,c81b0d761ca2ba78b3f8459609510584d3a1de8ac9c1073c0e71ec9e657848f2,False,,
easy_n06_c02_uniform_r001,easy/uniform/n06_c02/easy_n06_c02_uniform_r001.json,easy,36,uniform,6,2,,1,17460477629460466819,d45fb5b1ecf95046f84f37a88bc86fe4da9bdc368ef42ddd49816a90362ed4a4,False,,
easy_n06_c02_uniform_r002,easy/uniform/n06_c02/easy_n06_c02_uniform_r002.json,easy,36,uniform,6,2,,2,10098195089585816838,31ec76a759e2576b19bbfa452d5a4a958d9695810e8e9fd722eab8caf32cf938,False,,
easy_n06_c02_uniform_r003,easy/uniform/n06_c02/easy_n06_c02_uniform_r003.json,easy,36,uniform,6,2,,3,11946915709135858994,e902412cc0d12a7d8a636f122b567bb28ede6080ce91d672761d6cef4b021078,False,,
easy_n06_c02_uniform_r004,easy/uniform/n06_c02/easy_n06_c02_uniform_r004.json,easy,36,uniform,6,2,,4,3953408884532431686,3b39c4bf3c73172e8d5e17e23880d777e4e63e132deb482dab29e20e78b59974,False,,
easy_n06_c02_uniform_r005,easy/uniform/n06_c02/easy_n06_c02_uniform_r005.json,easy,36,uniform,6,2,,5,10796669731576809810,c5f577752359b4697f264e79f9ee3f3dd82a6ead99bdce9ed9515ecd1c55188f,False,,
easy_n06_c02_uniform_r006,easy/uniform/n06_c02/easy_n06_c02_uniform_r006.json,easy,36,uniform,6,2,,6,8795063915103942665,30ad6d92066fb01e4193fa7d6333f7b87ef59f6aab9438945cd89e08921789b6,False,,
easy_n06_c02_uniform_r007,easy/uniform/n06_c02/easy_n06_c02_uniform_r007.json,easy,36,uniform,6,2,,7,7496355508679959167,3795cab21bd755a078c68784b70db984b22bb9f03f07e597b325283d97f9bed6,False,,
easy_n06_c02_uniform_r008,easy/uniform/n06_c02/easy_n06_c02_uniform_r008.json,easy,36,uniform,6,2,,8,12688931584946420758,dcc52cf8daf7004ce673488c555fa57bfc75dda78810b52bfc58af9d59392b36,False,,
easy_n06_c02_uniform_r009,easy/uniform/n06_c02/easy_n06_c02_uniform_r009.json,easy,36,uniform,6,2,,9,5001912194307228876,f78d5acc3ef8f28cb3e02ff84035425b74040a03b4f6d771e5dd6df426133632,False,,
medium_n06_c03_witness_d100_r000,medium/witness/n06_c03/medium_n06_c03_witness_d100_r000.json,medium,72,witness,6,3,0.1,0,10719476001913170723,e209d1dcc74d816c36a9ac4867451bd0210b3843e0bc402f51cb824cd19ae958,True,7,7
medium_n06_c03_witness_d100_r001,medium/witness/n06_c03/medium_n06_c03_witness_d100_r001.json,medium,72,witness,6,3,0.1,1,12195185084269376915,6412e4ee9e1f9188807fa2304d494b2869d98b9476123a83286b857aa04d743a,True,8,8
medium_n06_c03_witness_d100_r002,medium/witness/n06_c03/medium_n06_c03_witness_d100_r002.json,medium,72,witness,6,3,0.1,2,15737772427933711446,dd4029a62f282cba898de3a98e33e9dc014b895676bd77554b481a4c6ce7c3b2,True,6,6
medium_n06_c03_witness_d100_r003,medium/witness/n06_c03/medium_n06_c03_witness_d100_r003.json,medium,72,witness,6,3,0.1,3,4156665842908372444,6390e9d2f65802dab0032ec0504fe445e503042635f2d3d46292a7fa7177e59b,True,5,5
medium_n06_c03_witness_d100_r004,medium/witness/n06_c03/medium_n06_c03_witness_d100_r004.json,medium,72,witness,6,3,0.1,4,16663042303459131649,7c1e4744ab5d68959d24852720f00e4f0acef3ad162b356ad335f62438e84462,True,7,7
medium_n06_c03_witness_d100_r005,medium/witness/n06_c03/medium_n06_c03_witness_d100_r005.json,medium,72,witness,6,3,0.1,5,7276805327351015907,ec3041cf10b3382c7f71eaa65ed49b1b516d3b34cfd7dec75704033d84745664,True,6,6
medium_n06_c03_witness_d100_r006,medium/witness/n06_c03/medium_n06_c03_witness_d100_r006.json,medium,72,witness,6,3,0.1,6,16281215649404452181,899838ce285f07ce89d7481dc47af59ede7ffaf990c44fe1a9c67bacabbc20a5,True,7,7
medium_n06_c03_witness_d100_r007,medium/witness/n06_c03/medium_n06_c03_witness_d100_r007.json,medium,72,witness,6,3,0.1,7,11245073731733242905,2257746efb65c2be7f9ca241b577e92bc28b389af73a23abbcf1c9d37e626eaa,True,7,7
medium_n06_c03_witness_d100_r008,medium/witness/n06_c03/medium_n06_c03_witness_d100_r008.json,medium,72,witness,6,3,0.1,8,9786974226922300919,a2836739fdf0cdcdbd57a7cc17ca5fe2b081f1783a4c2418c9b3f32355c51b58,True,5,5
medium_n06_c03_witness_d100_r009,medium/witness/n06_c03/medium_n06_c03_witness_d100_r009.json,medium,72,witness,6,3,0.1,9,6159848824311493221,260f3390ae97078b140373262ce2bd4871345b54f20adb5028f5f1bd5c39df3b,True,5,5
medium_n06_c03_witness_d300_r000,medium/witness/n06_c03/medium_n06_c03_witness_d300_r000.json,medium,72,witness,6,3,0.3,0,7591549727979884733,cfcdb9b0ae6776bbb4247ed4dcb70c1068dd6c77860550502fc6e89d9d2f94ba,True,16,16
medium_n06_c03_witness_d300_r001,medium/witness/n06_c03/medium_n06_c03_witness_d300_r001.json,medium,72,witness,6,3,0.3,1,8077392710791578682,83a171e5d1aa9e93d937ff0fedf9a1cce3abdac7b1ab9294d80425f626101208,True,20,20
medium_n06_c03_witness_d300_r002,medium/witness/n06_c03/medium_n06_c03_witness_d300_r002.json,medium,72,witness,6,3,0.3,2,17649370480690386361,5faf56e7143dd54db9c13fe4e57eacc04493413f3d353b11e45e75d9312cdb4e,True,16,16
medium_n06_c03_witness_d300_r003,medium/witness/n06_c03/medium_n06_c03_witness_d300_r003.json,medium,72,witness,6,3,0.3,3,2166586407567553553,512dca01f64e93f285ac65cd8f389fabded6a8af9b265b88bcb2681bfa55fb28,True,19,19
medium_n06_c03_witness_d300_r004,medium/witness/n06_c03/medium_n06_c03_witness_d300_r004.json,medium,72,witness,6,3,0.3,4,10478014608709909222,81edd1cb3fa03d4205d539314a05984c5cd6f34d100478d9afc71852ce68dfcc,True,17,17
medium_n06_c03_witness_d300_r005,medium/witness/n06_c03/medium_n06_c03_witness_d300_r005.json,medium,72,witness,6,3,0.3,5,12333555555953925573,512ba87bd6a551429b332cd2c091fd6e0e12adac69cf8eb8b54ebcc406842b34,True,18,18
medium_n06_c03_witness_d300_r006,medium/witness/n06_c03/medium_n06_c03_witness_d300_r006.json,medium,72,witness,6,3,0.3,6,14918765027334715962,5cd7bfc31f18d7d9a0b6136ad02689fac651770e600290568f620ad5242c8b4d,True,19,19
medium_n06_c03_witness_d300_r007,medium/witness/n06_c03/medium_n06_c03_witness_d300_r007.json,medium,72,witness,6,3,0.3,7,12020948543544463195,4456860743c748e175efb1a946814b826fc067e0581d2b95143cbf4c7f14c644,True,17,17
medium_n06_c03_witness_d300_r008,medium/witness/n06_c03/medium_n06_c03_witness_d300_r008.json,medium,72,witness,6,3,0.3,8,5161517886608929263,8a70bf3ce7e8012a8a8383dffbf99c624619d59b2f7b66b436562df3dcb29166,True,20,20
medium_n06_c03_witness_d300_r009,medium/witness/n06_c03/medium_n06_c03_witness_d300_r009.json,medium,72,witness,6,3,0.3,9,4064906177151037279,48401574c42f486fa5e13c6cac36f69c90858b61811e84ffd67029ec20791b47,True,19,19
medium_n06_c03_witness_d600_r000,medium/witness/n06_c03/medium_n06_c03_witness_d600_r000.json,medium,72,witness,6,3,0.6,0,11711720446401546360,b2a380494754c31a988c39555023584d0f6346c59acb1370bdaef26574685fef,True,33,33
medium_n06_c03_witness_d600_r001,medium/witness/n06_c03/medium_n06_c03_witness_d600_r001.json,medium,72,witness,6,3,0.6,1,5086099968870135122,965fa931aaf026268345c41bd08b0b8ecee6d42c867624dce04436f84a184a80,True,32,32
medium_n06_c03_witness_d600_r002,medium/witness/n06_c03/medium_n06_c03_witness_d600_r002.json,medium,72,witness,6,3,0.6,2,6611146228872996786,b85f3c68f20d6f93901af284bb6c204f4559a58bdf54851c664a6cd712f87b1a,True,33,33
medium_n06_c03_witness_d600_r003,medium/witness/n06_c03/medium_n06_c03_witness_d600_r003.json,medium,72,witness,6,3,0.6,3,8595896219215520059,cd99b58966127a62248b0b5543aaf9891fc6f42067983a2da017960814c200e4,True,35,35
medium_n06_c03_witness_d600_r004,medium/witness/n06_c03/medium_n06_c03_witness_d600_r004.json,medium,72,witness,6,3,0.6,4,17247071909892639643,9b35ef4c8e8a24c93ebe2374ea88466bbe5c1c58cd9652a08c6e738eed3bf554,True,35,35
medium_n06_c03_witness_d600_r005,medium/witness/n06_c03/medium_n06_c03_witness_d600_r005.json,medium,72,witness,6,3,0.6,5,3054807094110298713,5bd717de625db4eff2e919ae3ec95c537d7be1b23edd2b3d2a1c6dcb11bc0c38,True,29,29
medium_n06_c03_witness_d600_r006,medium/witness/n06_c03/medium_n06_c03_witness_d600_r006.json,medium,72,witness,6,3,0.6,6,14078992831932815240,4ad8e6aca5a51b31969fdb0774d023e3c63ec63b9b12df0025e9a30b2c1d69a3,True,35,35
medium_n06_c03_witness_d600_r007,medium/witness/n06_c03/medium_n06_c03_witness_d600_r007.json,medium,72,witness,6,3,0.6,7,14533454690188161393,6c211ffea44c249b30940e0dbfed7accb5aee63e183120d2e23e5af6d5f75c30,True,33,33
medium_n06_c03_witness_d600_r008,medium/witness/n06_c03/medium_n06_c03_witness_d600_r008.json,medium,72,witness,6,3,0.6,8,11424540637722905117,29944d574fbdaa5b8ac85d568851f1273eedd3dd7662f7bccff8d995bcc2f752,True,34,34
medium_n06_c03_witness_d600_r009,medium/witness/n06_c03/medium_n06_c03_witness_d600_r009.json,medium,72,witness,6,3,0.6,9,15285027323803577704,7d2d628b8ee742bcb1596903a6a3e5d4b38cd444a20e05d8866444dae290b1f9,True,35,35
medium_n06_c03_uniform_r000,medium/uniform/n06_c03/medium_n06_c03_uniform_r000.json,medium,72,uniform,6,3,,0,78344320379709901,142afc1a172abacfac8faa4e66d5c65eb4b132c6c90f7fec16255f5b3e16992e,False,,
medium_n06_c03_uniform_r001,medium/uniform/n06_c03/medium_n06_c03_uniform_r001.json,medium,72,uniform,6,3,,1,8835511906759242212,77b19cbe93e681feac27e9a217569ec353f7d5353cae365a35add805bdb6c6d9,False,,
medium_n06_c03_uniform_r002,medium/uniform/n06_c03/medium_n06_c03_uniform_r002.json,medium,72,uniform,6,3,,2,14636157461133772405,b5aa25d8fd0a874c6d0aab0a933be15c81d8d43b9cb03edf80054c1ea4cf8b80,False,,
medium_n06_c03_uniform_r003,medium/uniform/n06_c03/medium_n06_c03_uniform_r003.json,medium,72,uniform,6,3,,3,3566706646749103017,5b87b7791b2b6a3c9d79d25d8c03b1919faf9a51c709c636e90b3cc4b1d48f91,False,,
medium_n06_c03_uniform_r004,medium/uniform/n06_c03/medium_n06_c03_uniform_r004.json,medium,72,uniform,6,3,,4,8142789311526048841,2bbffbdf9218cdcdd86849aad2d3ac09d9f5f73fa1d47f1028f1007dcef8448a,False,,
medium_n06_c03_uniform_r005,medium/uniform/n06_c03/medium_n06_c03_uniform_r005.json,medium,72,uniform,6,3,,5,7758959012835988032,27558905a99d19d0eab389eac4fcc5815256328c118a5293a209c2d7be5bf52c,False,,
medium_n06_c03_uniform_r006,medium/uniform/n06_c03/medium_n06_c03_uniform_r006.json,medium,72,uniform,6,3,,6,6388518561550738413,0b49010d1f158f10585aeabb85ba3717eae2323206a6549f6340d99bd868de18,False,,
medium_n06_c03_uniform_r007,medium/uniform/n06_c03/medium_n06_c03_uniform_r007.json,medium,72,uniform,6,3,,7,6644807567029746892,7ecc7a5e222ad96b40306adfa5d059d37cc3150bf24f094850fb58c9a6a6619b,False,,
medium_n06_c03_uniform_r008,medium/uniform/n06_c03/medium_n06_c03_uniform_r008.json,medium,72,uniform,6,3,,8,12219863927165965490,cca869a1c529106dc33e9282c4f1523432b57e9b515e7b237510cabe9a23bee7,False,,
medium_n06_c03_uniform_r009,medium/uniform/n06_c03/medium_n06_c03_uniform_r009.json,medium,72,uniform,6,3,,9,12691899253180177568,701af28fda3676387efa62f6278bd3ac9d2be892ad3d98c4a4d91ddbbfae833d,False,,
medium_n06_c04_witness_d100_r000,medium/witness/n06_c04/medium_n06_c04_witness_d100_r000.json,medium,108,witness,6,4,0.1,0,11185162128458891864,86347cd3810781ba3f159b21ba3f654849ffeb9711888c6ac2d3f75744aaa6b4,True,10,10
medium_n06_c04_witness_d100_r001,medium/witness/n06_c04/medium_n06_c04_witness_d100_r001.json,medium,108,witness,6,4,0.1,1,11429708944367448565,531aa4be1d2f7a388b7874955dc4ef821309502d6215530bc04ab0004dbd07b8,True,8,8
medium_n06_c04_witness_d100_r002,medium/witness/n06_c04/medium_n06_c04_witness_d100_r002.json,medium,108,witness,6,4,0.1,2,7328853681465209983,a99a0b47433de72a424292868e329d2ea1a2ff1c2f9f5feeed300981a7345781,True,6,6
medium_n06_c04_witness_d100_r003,medium/witness/n06_c04/medium_n06_c04_witness_d100_r003.json,medium,108,witness,6,4,0.1,3,17244837063452673698,462478fd7a8c020301884b9dd5fa09c4a224832d1c5657ca183d6face0840a65,True,6,6
medium_n06_c04_witness_d100_r004,medium/witness/n06_c04/medium_n06_c04_witness_d100_r004.json,medium,108,witness,6,4,0.1,4,5590936608702731498,380abb550ca19a8a8934c7507c79e996c23ec6431351069ab3234b813c00d435,True,9,9
medium_n06_c04_witness_d100_r005,medium/witness/n06_c04/medium_n06_c04_witness_d100_r005.json,medium,108,witness,6,4,0.1,5,3608958443049458893,11af593d972bd1ee9acf7f266071d59412742e4bc80787c7f99293b0b2e7d758,True,8,8
medium_n06_c04_witness_d100_r006,medium/witness/n06_c04/medium_n06_c04_witness_d100_r006.json,medium,108,witness,6,4,0.1,6,16329789388546676660,6f76320c3295235944d814f9fcae85f462e7b2b462f8688166740f148bc074f0,True,9,9
medium_n06_c04_witness_d100_r007,medium/witness/n06_c04/medium_n06_c04_witness_d100_r007.json,medium,108,witness,6,4,0.1,7,2548359979772672919,c08050da2f47ab3d98000060c9560b4aaa7596914fddacf76adb88c8ee25aad8,True,10,10
medium_n06_c04_witness_d100_r008,medium/witness/n06_c04/medium_n06_c04_witness_d100_r008.json,medium,108,witness,6,4,0.1,8,6981041252215704112,fd38ef934fa61793e1da863d78dd4debeb3c835e9278311e8c275718a079c80f,True,8,8
medium_n06_c04_witness_d100_r009,medium/witness/n06_c04/medium_n06_c04_witness_d100_r009.json,medium,108,witness,6,4,0.1,9,10022326229359437248,39bb64940fda07565e7ebf0066b6e3ea72523ada9de4fbd924b975198c91535c,True,11,11
medium_n06_c04_witness_d300_r000,medium/witness/n06_c04/medium_n06_c04_witness_d300_r000.json,medium,108,witness,6,4,0.3,0,8620202429124586492,b2aa45ae4cb529fdabc5bf114aa31ba018e61718b862d2c27d647ae80464276b,True,19,19
medium_n06_c04_witness_d300_r001,medium/witness/n06_c04/medium_n06_c04_witness_d300_r001.json,medium,108,witness,6,4,0.3,1,565887084880276943,1386369319f75fba0e792e1f1dbab30d9d4f6801aea7453d6c4b8337cef0a4cc,True,25,25
medium_n06_c04_witness_d300_r002,medium/witness/n06_c04/medium_n06_c04_witness_d300_r002.json,medium,108,witness,6,4,0.3,2,9529161090308703842,52e85de30e70f556a317fefe9f0c78318582ccb541143057de4c899bc3bf2e6e,True,22,22
medium_n06_c04_witness_d300_r003,medium/witness/n06_c04/medium_n06_c04_witness_d300_r003.json,medium,108,witness,6,4,0.3,3,14030242496703711242,7afa7ddde657b2e8da38b1cea39cc636543c324c74c4de2676c7808c1e78a183,True,21,21
medium_n06_c04_witness_d300_r004,medium/witness/n06_c04/medium_n06_c04_witness_d300_r004.json,medium,108,witness,6,4,0.3,4,979011440551517123,9215a1e8c1aa7ffd20feae518c2ce3d5defb8cf7ebaf12fd4ef04503c63f0486,True,22,22
medium_n06_c04_witness_d300_r005,medium/witness/n06_c04/medium_n06_c04_witness_d300_r005.json,medium,108,witness,6,4,0.3,5,7125161739030686109,894674e446927e192f72945df0b68bfc6729d3a4103b208847c0106b6745677a,True,22,22
medium_n06_c04_witness_d300_r006,medium/witness/n06_c04/medium_n06_c04_witness_d300_r006.json,medium,108,witness,6,4,0.3,6,39942937834166473,0857c01a87fce835cafcc6a3b49265b4cf7fb164afdeaac5cd22bcd8b7e241a0,True,28,28
medium_n06_c04_witness_d300_r007,medium/witness/n06_c04/medium_n06_c04_witness_d300_r007.json,medium,108,witness,6,4,0.3,7,10775422340680269171,ac44bf907009f19c272a639d99cb5592b06e5a6bb83c63eb126976a8b83903f1,True,18,18
medium_n06_c04_witness_d300_r008,medium/witness/n06_c04/medium_n06_c04_witness_d300_r008.json,medium,108,witness,6,4,0.3,8,13739014931734453514,d868957b849e15632bdc78ab989ba815182a5a1ff2e0b5c53e8c21c5559018f4,True,24,24
medium_n06_c04_witness_d300_r009,medium/witness/n06_c04/medium_n06_c04_witness_d300_r009.json,medium,108,witness,6,4,0.3,9,3167520593952323272,2431a7f98f1deaaf7dad7fd3ecf81eb56448536d3b072baac13283b4ef72593b,True,28,28
medium_n06_c04_witness_d600_r000,medium/witness/n06_c04/medium_n06_c04_witness_d600_r000.json,medium,108,witness,6,4,0.6,0,9008014501889498720,06250e571e5cdcbf1ee55131f83f87a02efb24a26c3cd19572657ddca1bdeb5e,True,48,48
medium_n06_c04_witness_d600_r001,medium/witness/n06_c04/medium_n06_c04_witness_d600_r001.json,medium,108,witness,6,4,0.6,1,1251396188970705027,b1e925dbe3a85f878fe48256e71de5c74f5f39a65986e18fa88a1f23918b9483,True,44,44
medium_n06_c04_witness_d600_r002,medium/witness/n06_c04/medium_n06_c04_witness_d600_r002.json,medium,108,witness,6,4,0.6,2,7322757136051818665,e44dea315d76576d624d4253c9e5d0ca57e2c85721fc5b24bed45a888c6e9941,True,44,44
medium_n06_c04_witness_d600_r003,medium/witness/n06_c04/medium_n06_c04_witness_d600_r003.json,medium,108,witness,6,4,0.6,3,5276801321419822252,abc3a3a9f43126a2a793837d9b924f72b9f8ed0b3941ced9b42374ac0d60f96c,True,43,43
medium_n06_c04_witness_d600_r004,medium/witness/n06_c04/medium_n06_c04_witness_d600_r004.json,medium,108,witness,6,4,0.6,4,3433770718620340948,5b1cc89c05f22ae0a6e87d69fa1a6ffc9f91942a71ab3a3095c6c944c3150984,True,39,39
medium_n06_c04_witness_d600_r005,medium/witness/n06_c04/medium_n06_c04_witness_d600_r005.json,medium,108,witness,6,4,0.6,5,16193110495870101710,7336725a8ab1796a7c9beb3e2e41dab07de710718c218825eaf0d3385de14128,True,40,40
medium_n06_c04_witness_d600_r006,medium/witness/n06_c04/medium_n06_c04_witness_d600_r006.json,medium,108,witness,6,4,0.6,6,2490796870625878338,6b9da35bf8a3970af55b06ed15c3a376b01b07ff8284c40e6fba385f9fefcd17,True,41,41
medium_n06_c04_witness_d600_r007,medium/witness/n06_c04/medium_n06_c04_witness_d600_r007.json,medium,108,witness,6,4,0.6,7,6961370561758733671,a90180f63cfaa9b09ce231d18ef0edc28fc3b8309fe797965c3704293c84b074,True,49,49
medium_n06_c04_witness_d600_r008,medium/witness/n06_c04/medium_n06_c04_witness_d600_r008.json,medium,108,witness,6,4,0.6,8,15525315280498689667,f303b5f91078a019859dd4441ae7e68df8ec0938d401cd7f14d31ba214d529ff,True,45,45
medium_n06_c04_witness_d600_r009,medium/witness/n06_c04/medium_n06_c04_witness_d600_r009.json,medium,108,witness,6,4,0.6,9,15528038187607945488,3f3d53ee3a382dbc06a52212758db4d741872c5ca47356bce30235e99971c74f,True,49,49
medium_n06_c04_uniform_r000,medium/uniform/n06_c04/medium_n06_c04_uniform_r000.json,medium,108,uniform,6,4,,0,17380208285562061913,a5d46dbf162b003bc8e2e681384b914965d64ba691fba9a274cbb87e84b5478e,False,,
medium_n06_c04_uniform_r001,medium/uniform/n06_c04/medium_n06_c04_uniform_r001.json,medium,108,uniform,6,4,,1,1096187724628619117,3a86b4c1be9b138eb7dd853a32af9533c0d3b17e9e3cd3c2cc2b246978b4a9c2,False,,
medium_n06_c04_uniform_r002,medium/uniform/n06_c04/medium_n06_c04_uniform_r002.json,medium,108,uniform,6,4,,2,10013885996113783489,0f03620efdf2ad28baca9ebf360aada2e69636a8d63e4cb1002328d738c3391c,False,,
medium_n06_c04_uniform_r003,medium/uniform/n06_c04/medium_n06_c04_uniform_r003.json,medium,108,uniform,6,4,,3,7906612151792706279,da77ff31b7e715734f8d9afef8b4aced53a395e693f719411ca350cf00c37dc4,False,,
medium_n06_c04_uniform_r004,medium/uniform/n06_c04/medium_n06_c04_uniform_r004.json,medium,108,uniform,6,4,,4,17841394258949886317,61e468dacee418878a3d2f2c8a8ba5ea5550200d040c4b1d68967db09a3f87f2,False,,
medium_n06_c04_uniform_r005,medium/uniform/n06_c04/medium_n06_c04_uniform_r005.json,medium,108,uniform,6,4,,5,10936787147539341645,1b3f95eab8c3c3f006e9b609e87637ec061731cc54409b59421fe65619e464d6,False,,
medium_n06_c04_uniform_r006,medium/uniform/n06_c04/medium_n06_c04_uniform_r006.json,medium,108,uniform,6,4,,6,14734319024402839859,e6e4ae459eec4310cff96e84e85b9016e001e3b4c6918bb030198f76ce847840,False,,
medium_n06_c04_uniform_r007,medium/uniform/n06_c04/medium_n06_c04_uniform_r007.json,medium,108,uniform,6,4,,7,9141942991269639909,5ec7e3bb6c455051cdb381ccd3ab38c29e6ae3f3df98b2c58a9dee282835b039,False,,
medium_n06_c04_uniform_r008,medium/uniform/n06_c04/medium_n06_c04_uniform_r008.json,medium,108,uniform,6,4,,8,10708764054363052426,2d46e0d9f24d4c23da3939e377bf63ba3d7d55977969c3253a73de1878d6db2e,False,,
medium_n06_c04_uniform_r009,medium/uniform/n06_c04/medium_n06_c04_uniform_r009.json,medium,108,uniform,6,4,,9,8945888806525589393,b2f35cb917f941fd368c315d82a28258fd1bf65f5c55a049b92f521ff8b6ec58,False,,
medium_n08_c02_witness_d100_r000,medium/witness/n08_c02/medium_n08_c02_witness_d100_r000.json,medium,64,witness,8,2,0.1,0,6367056250623165206,2253e6e93c1ba11afcc129539f0b4c3d6230db1ad97958394a3122fabf2dea7d,True,6,6
medium_n08_c02_witness_d100_r001,medium/witness/n08_c02/medium_n08_c02_witness_d100_r001.json,medium,64,witness,8,2,0.1,1,17671565335870251555,00de5904fc66984a4b6c4467d5e9ecd196ad4216e6ab09664ed8e7940024f677,True,6,6
medium_n08_c02_witness_d100_r002,medium/witness/n08_c02/medium_n08_c02_witness_d100_r002.json,medium,64,witness,8,2,0.1,2,7384109220384051696,a9bb1d5595c2305ec5fb71bc6eb7a5da00a87345771b69af4d42815d44d684d2,True,6,6
medium_n08_c02_witness_d100_r003,medium/witness/n08_c02/medium_n08_c02_witness_d100_r003.json,medium,64,witness,8,2,0.1,3,1635710878833191887,f8032b03d73dd5c7c4fc89727db7be58bdc6b264af3d8a4045836698b4d1afbf,True,6,6
medium_n08_c02_witness_d100_r004,medium/witness/n08_c02/medium_n08_c02_witness_d100_r004.json,medium,64,witness,8,2,0.1,4,18188096415110195869,50b4c6b5cd31aaf81e78049e5c4c6010269e14f47839df35c67496d620140ad4,True,6,6
medium_n08_c02_witness_d100_r005,medium/witness/n08_c02/medium_n08_c02_witness_d100_r005.json,medium,64,witness,8,2,0.1,5,274288763349234846,0c09dd4ba6f2ef53c9dd1ed40511339bf0116d1d7f5070e10e53baf7950cc239,True,6,6
medium_n08_c02_witness_d100_r006,medium/witness/n08_c02/medium_n08_c02_witness_d100_r006.json,medium,64,witness,8,2,0.1,6,11963712003408106708,c2d18ca9af41cb8594f75fd98a1ab6f6ea95a6480d34f06343a2ae0f7f120f8b,True,6,6
medium_n08_c02_witness_d100_r007,medium/witness/n08_c02/medium_n08_c02_witness_d100_r007.json,medium,64,witness,8,2,0.1,7,704611438849788585,4198f93efa979f142fb046bc896d037eb3affb251083e93a31c1c60a5725f95d,True,6,6
medium_n08_c02_witness_d100_r008,medium/witness/n08_c02/medium_n08_c02_witness_d100_r008.json,medium,64,witness,8,2,0.1,8,9914263625169998526,6419c8372ef5797a78892854b5188a67fa397d1d8c6fcf60dc7e880f45effa22,True,6,6
medium_n08_c02_witness_d100_r009,medium/witness/n08_c02/medium_n08_c02_witness_d100_r009.json,medium,64,witness,8,2,0.1,9,5663333007056358133,37dbe8e8e625df7824973dfa5460a8c09e5a7da008ae8afe2b804c59cd4aa114,True,6,6
medium_n08_c02_witness_d300_r000,medium/witness/n08_c02/medium_n08_c02_witness_d300_r000.json,medium,64,witness,8,2,0.3,0,9149554046912761579,ab19cfa11781d6ace79951d8ca9cfbc3e8a7c8b1b2dc341f9295ab2ccea703af,True,19,19
medium_n08_c02_witness_d300_r001,medium/witness/n08_c02/medium_n08_c02_witness_d300_r001.json,medium,64,witness,8,2,0.3,1,2670998987022147569,1f64e3374a40d5793ccaea64edcd4ea68c23b75377bb25d31e931febf51a7052,True,19,19
medium_n08_c02_witness_d300_r002,medium/witness/n08_c02/medium_n08_c02_witness_d300_r002.json,medium,64,witness,8,2,0.3,2,13749970681770588940,c052e6f8aa025943f0600a5df42f53a840affbee9011677ee548175ccb7011d6,True,19,19
medium_n08_c02_witness_d300_r003,medium/witness/n08_c02/medium_n08_c02_witness_d300_r003.json,medium,64,witness,8,2,0.3,3,4234230040976585089,38febc31c3259cf9eeedf645a3c6ea982ee3dd6f058e42a4ba2d11862a370306,True,19,19
medium_n08_c02_witness_d300_r004,medium/witness/n08_c02/medium_n08_c02_witness_d300_r004.json,medium,64,witness,8,2,0.3,4,18044293965760431394,95ed01c0c6c215d43dbb586f4b343e2a68e1f300296aff9c5317fd73496d1a6c,True,19,19
medium_n08_c02_witness_d300_r005,medium/witness/n08_c02/medium_n08_c02_witness_d300_r005.json,medium,64,witness,8,2,0.3,5,10776600471035771202,426522765d12a95e1e2e3b6b918a92b75d89d7870b1e79b803666f0672f97036,True,19,19
medium_n08_c02_witness_d300_r006,medium/witness/n08_c02/medium_n08_c02_witness_d300_r006.json,medium,64,witness,8,2,0.3,6,9252208538343545873,5c919c7be2ec06fb1a501cda400183e94aeef3e0bc6f5e416efa6a54fb2dcaf0,True,19,19
medium_n08_c02_witness_d300_r007,medium/witness/n08_c02/medium_n08_c02_witness_d300_r007.json,medium,64,witness,8,2,0.3,7,12649674875935321117,5b9f98f4eb2f8f6d65a28dc95958ac8d241f6296edead8db77a3e93b804d3e9c,True,19,19
medium_n08_c02_witness_d300_r008,medium/witness/n08_c02/medium_n08_c02_witness_d300_r008.json,medium,64,witness,8,2,0.3,8,2454870068576091204,c761c4e864fb8d53a6cbd14c7faa051a5fcf47caace76ba332fa895ffcd1e72e,True,19,19
medium_n08_c02_witness_d300_r009,medium/witness/n08_c02/medium_n08_c02_witness_d300_r009.json,medium,64,witness,8,2,0.3,9,10468861944880052913,f6351bff6bdcd8c45789283cf439f144ced301a6fe5a1f02f3030377f467da1e,True,19,19
medium_n08_c02_witness_d600_r000,medium/witness/n08_c02/medium_n08_c02_witness_d600_r000.json,medium,64,witness,8,2,0.6,0,2795041150993662956,06668e518f5fbfabc7274993059d772c4c47cca540564d1ea272f4c357537076,True,38,38
medium_n08_c02_witness_d600_r001,medium/witness/n08_c02/medium_n08_c02_witness_d600_r001.json,medium,64,witness,8,2,0.6,1,15940403639268908209,7c1301ed7765d1738f9df952f32e6eca2dcc91e93f04d6be9b756d575b884179,True,38,38
medium_n08_c02_witness_d600_r002,medium/witness/n08_c02/medium_n08_c02_witness_d600_r002.json,medium,64,witness,8,2,0.6,2,3132200501491934727,28ade4cf0211c2a70fd4fcdc7448229bba60c158f0361b5f9bb54477cdc02fbb,True,38,38
medium_n08_c02_witness_d600_r003,medium/witness/n08_c02/medium_n08_c02_witness_d600_r003.json,medium,64,witness,8,2,0.6,3,15015566425318532736,928c48936169ee24f3db142888624c79c4ceed43c0faf28a8e9e1082ceb44f12,True,38,38
medium_n08_c02_witness_d600_r004,medium/witness/n08_c02/medium_n08_c02_witness_d600_r004.json,medium,64,witness,8,2,0.6,4,2200643866601760493,e18b99144e90ff9664dc5766c0eb6e3f471ff6518aac7bc6ca77d48235bdfeb2,True,38,38
medium_n08_c02_witness_d600_r005,medium/witness/n08_c02/medium_n08_c02_witness_d600_r005.json,medium,64,witness,8,2,0.6,5,1635024800164015351,9bd81091ab005a3cf3868296476c1f00b7282cbdf66a700448d7d9cd24ec23de,True,38,38
medium_n08_c02_witness_d600_r006,medium/witness/n08_c02/medium_n08_c02_witness_d600_r006.json,medium,64,witness,8,2,0.6,6,1237026635533954868,180cd44c3d92594fa854881fca99e95c265cf11c3b6d4c77334d9c7b988a6e7c,True,38,38
medium_n08_c02_witness_d600_r007,medium/witness/n08_c02/medium_n08_c02_witness_d600_r007.json,medium,64,witness,8,2,0.6,7,9083371739617940865,59cfbde7d1933a3b4b1714ceca43e926c5d4826ca2f646b4da1143a46c6eda52,True,38,38
medium_n08_c02_witness_d600_r008,medium/witness/n08_c02/medium_n08_c02_witness_d600_r008.json,medium,64,witness,8,2,0.6,8,6022228370776484202,781865b29ece94d4fd97c931dbb6e5e4a06ce272016970e1af1ed169a9fadf1d,True,38,38
medium_n08_c02_witness_d600_r009,medium/witness/n08_c02/medium_n08_c02_witness_d600_r009.json,medium,64,witness,8,2,0.6,9,16595088454418215253,c56d67ca262d99727c850197831ca6d9558566bf36974d56c319a068e0567fe3,True,38,38
medium_n08_c02_uniform_r000,medium/uniform/n08_c02/medium_n08_c02_uniform_r000.json,medium,64,uniform,8,2,,0,14140981865750811863,42f5f9ad621b9ede5a395ef7961ddd499d78e07191c94fbceb4bcd9db67b9b8f,False,,
medium_n08_c02_uniform_r001,medium/uniform/n08_c02/medium_n08_c02_uniform_r001.json,medium,64,uniform,8,2,,1,2749709768626774490,5a7aed3082fada61a57478f5eee9992809468abd14fa1bf24479914c988d032f,False,,
medium_n08_c02_uniform_r002,medium/uniform/n08_c02/medium_n08_c02_uniform_r002.json,medium,64,uniform,8,2,,2,2113146482480339124,08c0feed13540c18cd29dfa2211760ef743789e0d7cdc50bd4efe2213740ef93,False,,
medium_n08_c02_uniform_r003,medium/uniform/n08_c02/medium_n08_c02_uniform_r003.json,medium,64,uniform,8,2,,3,16369408957120318563,d54b97d29a47665de0f678f119ab70fa7a2a7ec4d0df3fc253b069b753230cc0,False,,
medium_n08_c02_uniform_r004,medium/uniform/n08_c02/medium_n08_c02_uniform_r004.json,medium,64,uniform,8,2,,4,11671863187833728538,263a8db2a0a1afbfc3891467c93ef2b9e05667f8bffa7930946469dcdeadd0eb,False,,
medium_n08_c02_uniform_r005,medium/uniform/n08_c02/medium_n08_c02_uniform_r005.json,medium,64,uniform,8,2,,5,14790331154323585574,4d2623541815074ce6ffb6c6b59f5cb376aecc46f0d149cc1a3ad3ad497ce32b,False,,
medium_n08_c02_uniform_r006,medium/uniform/n08_c02/medium_n08_c02_uniform_r006.json,medium,64,uniform,8,2,,6,6878674925192484489,087301e40961a4b5dc83d12635dd488ba59eb719aaf3802d6bb2ae2edf63eac4,False,,
medium_n08_c02_uniform_r007,medium/uniform/n08_c02/medium_n08_c02_uniform_r007.json,medium,64,uniform,8,2,,7,17067036590415679535,0510f37f9dab9bd7b02a533980d7438a65e0f325f1c5511ab48fe669284d0c20,False,,
medium_n08_c02_uniform_r008,medium/uniform/n08_c02/medium_n08_c02_uniform_r008.json,medium,64,uniform,8,2,,8,12036349973432624672,956b93869a5eed04d1860d1736c83dcd94e643e73914612d1e866a4cb2ff6306,False,,
medium_n08_c02_uniform_r009,medium/uniform/n08_c02/medium_n08_c02_uniform_r009.json,medium,64,uniform,8,2,,9,10801341884321299947,4a8e9f50a0cf4d48e94c56ed731d7e3cc1c44c383a6497ed0db0116701f9ebf0,False,,
medium_n08_c03_witness_d100_r000,medium/witness/n08_c03/medium_n08_c03_witness_d100_r000.json,medium,128,witness,8,3,0.1,0,3069911363323863841,0b7da06ed719f9b8ca029423db24a5253ed89dd43371da745059cdc84698749a,True,9,9
medium_n08_c03_witness_d100_r001,medium/witness/n08_c03/medium_n08_c03_witness_d100_r001.json,medium,128,witness,8,3,0.1,1,8398638602038515085,035e1c228d89146f615845785dff5c91c2058a46f047c1aacfca9e329ab6cf5e,True,9,9
medium_n08_c03_witness_d100_r002,medium/witness/n08_c03/medium_n08_c03_witness_d100_r002.json,medium,128,witness,8,3,0.1,2,13783314401906002019,a6eb05d7e0e3b383ff9b790f3c99c8f88ed71c523950c1c7dc5aa414206f04da,True,7,7
medium_n08_c03_witness_d100_r003,medium/witness/n08_c03/medium_n08_c03_witness_d100_r003.json,medium,128,witness,8,3,0.1,3,15324751899067023784,a6fd03e19a8512325bd3acf4d6a9180f39b6fd00b6b448ebbaed30d4c28c301c,True,8,8
medium_n08_c03_witness_d100_r004,medium/witness/n08_c03/medium_n08_c03_witness_d100_r004.json,medium,128,witness,8,3,0.1,4,1065872610593032145,2869643fd455e01fe7a54e4593f796aaabedcf445a6634a591d2549b464d798a,True,10,10
medium_n08_c03_witness_d100_r005,medium/witness/n08_c03/medium_n08_c03_witness_d100_r005.json,medium,128,witness,8,3,0.1,5,9739880900434905686,7c2354adc5ac5cba33a592a28f2e32435ddb489191cfe2a78eb6100112cbfa1e,True,8,8
medium_n08_c03_witness_d100_r006,medium/witness/n08_c03/medium_n08_c03_witness_d100_r006.json,medium,128,witness,8,3,0.1,6,1302036515700768839,1e3bfff7aa0f62810abb408fe05d0c43396c9f9e5c7bccc2dbc29035169e64b1,True,11,11
medium_n08_c03_witness_d100_r007,medium/witness/n08_c03/medium_n08_c03_witness_d100_r007.json,medium,128,witness,8,3,0.1,7,9458043296378985436,6e5ed0a7f5c2218a051a74287a4398c0cca28d10e676e915d6ce15430166e940,True,11,11
medium_n08_c03_witness_d100_r008,medium/witness/n08_c03/medium_n08_c03_witness_d100_r008.json,medium,128,witness,8,3,0.1,8,13327112240966404227,fbdb75f9da124e0b5cfb894abf03f10c6a8c956f4d9d1cdcf0996e9eb6733497,True,10,10
medium_n08_c03_witness_d100_r009,medium/witness/n08_c03/medium_n08_c03_witness_d100_r009.json,medium,128,witness,8,3,0.1,9,8167400371798151813,8e9e4c7b542818969ca0c66019d8dea17124c914bb216e226e426cf488ee7309,True,9,9
medium_n08_c03_witness_d300_r000,medium/witness/n08_c03/medium_n08_c03_witness_d300_r000.json,medium,128,witness,8,3,0.3,0,14798657909013971084,4c8989adb6f05f869c93b796ea801d731df4cac44f91c6d6aef94f780984dcbb,True,33,33
medium_n08_c03_witness_d300_r001,medium/witness/n08_c03/medium_n08_c03_witness_d300_r001.json,medium,128,witness,8,3,0.3,1,6025373086047337281,6db78fba3eeff744798e45ba875db064163d98b66dee844465bb3a3a15799491,True,28,28
medium_n08_c03_witness_d300_r002,medium/witness/n08_c03/medium_n08_c03_witness_d300_r002.json,medium,128,witness,8,3,0.3,2,8048781473318852813,241c07479d63b4cc53e4496c2940b2be0ece0272ffe2d0552694e374e58a0cf9,True,27,27
medium_n08_c03_witness_d300_r003,medium/witness/n08_c03/medium_n08_c03_witness_d300_r003.json,medium,128,witness,8,3,0.3,3,14142073256092349888,70af73122860318a0a47b182e301ffb2030ce749f1c968bb096867495dab2551,True,31,31
medium_n08_c03_witness_d300_r004,medium/witness/n08_c03/medium_n08_c03_witness_d300_r004.json,medium,128,witness,8,3,0.3,4,273494346970145537,cc5ee1cbeafddc2c68ead8baeb86ae422ef13b3a6ea0f28f60c365b065ff17fe,True,28,28
medium_n08_c03_witness_d300_r005,medium/witness/n08_c03/medium_n08_c03_witness_d300_r005.json,medium,128,witness,8,3,0.3,5,6651106794707205562,cdeecdfe6ecdd34d6f24455803c70f05df521998077ea56e0371916c759cdc78,True,32,32
medium_n08_c03_witness_d300_r006,medium/witness/n08_c03/medium_n08_c03_witness_d300_r006.json,medium,128,witness,8,3,0.3,6,7909593028792517546,241509261686cb94b2d10d0eed1032f1594627ebc42d143325cd0a176587efd6,True,26,26
medium_n08_c03_witness_d300_r007,medium/witness/n08_c03/medium_n08_c03_witness_d300_r007.json,medium,128,witness,8,3,0.3,7,3063603631535531716,0bc22e064d3f13fa7ac9b6858a3ae254298b7c09cfd48ae67fd492666fe6f4d7,True,30,30
medium_n08_c03_witness_d300_r008,medium/witness/n08_c03/medium_n08_c03_witness_d300_r008.json,medium,128,witness,8,3,0.3,8,15111981369996024808,f324a8020457f7ab697f7cff041312c00c6c451c1827ff0ffac3d8b9b396d635,True,29,29
medium_n08_c03_witness_d300_r009,medium/witness/n08_c03/medium_n08_c03_witness_d300_r009.json,medium,128,witness,8,3,0.3,9,15999857355102279184,8d000da47b91ed6b112f9e82c081d3e4b3363bfcbdc0933c83be480c6109d771,True,28,28
medium_n08_c03_witness_d600_r000,medium/witness/n08_c03/medium_n08_c03_witness_d600_r000.json,medium,128,witness,8,3,0.6,0,7240342087408418133,762322d3f7c1b52a9dea293c6cb4f5ac24dc2c872ce00ea1e9ba5b8a5ad86e5b,True,54,54
medium_n08_c03_witness_d600_r001,medium/witness/n08_c03/medium_n08_c03_witness_d600_r001.json,medium,128,witness,8,3,0.6,1,9755649767612920785,2310b0227e041f254f882b1164dc6a673fcf32e1321301004522fb7b0a80745a,True,55,55
medium_n08_c03_witness_d600_r002,medium/witness/n08_c03/medium_n08_c03_witness_d600_r002.json,medium,128,witness,8,3,0.6,2,4343402665157610716,395edb3fa211548329d5bc662246f7ca15427f46c7ecaf2fefafb3961041dc0e,True,58,58
medium_n08_c03_witness_d600_r003,medium/witness/n08_c03/medium_n08_c03_witness_d600_r003.json,medium,128,witness,8,3,0.6,3,4972762166304798662,22d0ebfe2c546f5f414c2e55feb56108365dc4feaee30a1a0a56f76b1c194ba3,True,54,54
medium_n08_c03_witness_d600_r004,medium/witness/n08_c03/medium_n08_c03_witness_d600_r004.json,medium,128,witness,8,3,0.6,4,16176690780789007947,7c05c08c6d386a07459c6f2235be71a1f0ffbb1902ea4fa1dea9bef76bacd96a,True,58,58
medium_n08_c03_witness_d600_r005,medium/witness/n08_c03/medium_n08_c03_witness_d600_r005.json,medium,128,witness,8,3,0.6,5,10957107814625581155,eefa8a7c4625064f1f71448b1cc29af80e42ec6313729d9d3521493c2ccba71e,True,57,57
medium_n08_c03_witness_d600_r006,medium/witness/n08_c03/medium_n08_c03_witness_d600_r006.json,medium,128,witness,8,3,0.6,6,3903651223466442095,5fff153f0391db201c4e8b531a0647abd68bd199ea9b28f2404da1565169bc16,True,62,62
medium_n08_c03_witness_d600_r007,medium/witness/n08_c03/medium_n08_c03_witness_d600_r007.json,medium,128,witness,8,3,0.6,7,16768809117673473328,838a0d979c1302fffc70a4ef33852511278362e730bd65f51a741aad20dc7b78,True,60,60
medium_n08_c03_witness_d600_r008,medium/witness/n08_c03/medium_n08_c03_witness_d600_r008.json,medium,128,witness,8,3,0.6,8,1500004202815727636,ead5def3254bb287664b2f291c352fc3ca1b2fb10ae2a284bca43e9eb1038fa3,True,61,61
medium_n08_c03_witness_d600_r009,medium/witness/n08_c03/medium_n08_c03_witness_d600_r009.json,medium,128,witness,8,3,0.6,9,16238428159703226238,e00c6f9163d00c2446c6bafe1451251e1091a03346aa073ac6b31274a75c865f,True,58,58
medium_n08_c03_uniform_r000,medium/uniform/n08_c03/medium_n08_c03_uniform_r000.json,medium,128,uniform,8,3,,0,7049430491977757287,bcf1c51f6799591fe9329d0f9c37cb972044d1465b7b12d937e8e3c0dced76f6,False,,
medium_n08_c03_uniform_r001,medium/uniform/n08_c03/medium_n08_c03_uniform_r001.json,medium,128,uniform,8,3,,1,6408485643458112632,5e1256900b6dedd01b5e368fc2168c1f3b5f8947aeb649011aeae3bdd5b252a1,False,,
medium_n08_c03_uniform_r002,medium/uniform/n08_c03/medium_n08_c03_uniform_r002.json,medium,128,uniform,8,3,,2,161706948180531336,9c4f90ab192fb7c32884369e5faeb92d249b2cef74aa2edd18a9ca68db458eae,False,,
medium_n08_c03_uniform_r003,medium/uniform/n08_c03/medium_n08_c03_uniform_r003.json,medium,128,uniform,8,3,,3,15257348107022035889,f23cbbac8e34c90e2d0b826f9df9b6fbd432f543ed1d303d96386844865d7403,False,,
medium_n08_c03_uniform_r004,medium/uniform/n08_c03/medium_n08_c03_uniform_r004.json,medium,128,uniform,8,3,,4,14270322562285541600,417ae336262446658d0f2c2c7f03db7500470bcb7dd6714d98b67d7732f5390e,False,,
medium_n08_c03_uniform_r005,medium/uniform/n08_c03/medium_n08_c03_uniform_r005.json,medium,128,uniform,8,3,,5,15529597075881890082,6105ed28b59c147c37b56896094349cb95420de7ff69e0a73e28a5a7119ebcef,False,,
medium_n08_c03_uniform_r006,medium/uniform/n08_c03/medium_n08_c03_uniform_r006.json,medium,128,uniform,8,3,,6,2683304484377388148,b1ee89aac1e4d9249ab0da15861d7782fcf2fdbed8d0b633473df9a951dd61cf,False,,
medium_n08_c03_uniform_r007,medium/uniform/n08_c03/medium_n08_c03_uniform_r007.json,medium,128,uniform,8,3,,7,15985103375392592517,a6a7927058b251942bf0485632bf9a9b40fd2a90b7519771e31244e31de66f70,False,,
medium_n08_c03_uniform_r008,medium/uniform/n08_c03/medium_n08_c03_uniform_r008.json,medium,128,uniform,8,3,,8,14292886795975253299,0d1de75736bda9121ec8f8c7662514ee758458bbce7b306e3324150fe109205a,False,,
medium_n08_c03_uniform_r009,medium/uniform/n08_c03/medium_n08_c03_uniform_r009.json,medium,128,uniform,8,3,,9,8875323297836203220,641e3d4f83d173643a941969b94f6781358719d509d60e01496fee7b1d04e04a,False,,
hard_n08_c04_witness_d100_r000,hard/witness/n08_c04/hard_n08_c04_witness_d100_r000.json,hard,192,witness,8,4,0.1,0,6877196979747510559,a181da5a7f873749132848d34c3f9a262bf934983a264c662e4c55e135ee2213,True,12,12
hard_n08_c04_witness_d100_r001,hard/witness/n08_c04/hard_n08_c04_witness_d100_r001.json,hard,192,witness,8,4,0.1,1,3389260958206917546,bc0a7ff6acbd0231059947e3ddfbe7ec75289a63561d8e19aead10bc016f1903,True,15,15
hard_n08_c04_witness_d100_r002,hard/witness/n08_c04/hard_n08_c04_witness_d100_r002.json,hard,192,witness,8,4,0.1,2,7573125808375484805,af1fccf6c734bbd2aabe2fd18816327f1d55f0d998b9bb8bf9cf45d9db45266b,True,13,13
hard_n08_c04_witness_d100_r003,hard/witness/n08_c04/hard_n08_c04_witness_d100_r003.json,hard,192,witness,8,4,0.1,3,11966931943490109121,5170da387e66c9fa4adf7fffd572196eb5f2afb203fb3ed6eee353516c75c2d8,True,15,15
hard_n08_c04_witness_d100_r004,hard/witness/n08_c04/hard_n08_c04_witness_d100_r004.json,hard,192,witness,8,4,0.1,4,8867953959494302618,64b78950746ca232d3324df1a732d1f72c5e4545822592014613bf9dbec6fc6f,True,11,11
hard_n08_c04_witness_d100_r005,hard/witness/n08_c04/hard_n08_c04_witness_d100_r005.json,hard,192,witness,8,4,0.1,5,4433327270117775649,f6fafaf8b41b88065fbecf28878b01e4dce2ddeac008fcac409fe492290934b0,True,12,12
hard_n08_c04_witness_d100_r006,hard/witness/n08_c04/hard_n08_c04_witness_d100_r006.json,hard,192,witness,8,4,0.1,6,16132244449253889485,f9a267ee86342ad53fbbaa2a0789b3b0412cdafeb01380a69aa857cce2c2ed75,True,10,10
hard_n08_c04_witness_d100_r007,hard/witness/n08_c04/hard_n08_c04_witness_d100_r007.json,hard,192,witness,8,4,0.1,7,10880295503673515329,bda87c3d4a7e7f64c0ab1997b466c5e1452daecc2ff0005b207a7a6e0ef2101a,True,13,13
hard_n08_c04_witness_d100_r008,hard/witness/n08_c04/hard_n08_c04_witness_d100_r008.json,hard,192,witness,8,4,0.1,8,811400514152385461,d84d4ae4c8acf5615efd01ef97ed93f93e39caf059fccb3f80315ba6c4407dad,True,12,12
hard_n08_c04_witness_d100_r009,hard/witness/n08_c04/hard_n08_c04_witness_d100_r009.json,hard,192,witness,8,4,0.1,9,4622903135625855778,0b9ab597b02f2f27784bbdd7b75866e49f933bcb77d2321f365677bede91fcf8,True,16,16
hard_n08_c04_witness_d300_r000,hard/witness/n08_c04/hard_n08_c04_witness_d300_r000.json,hard,192,witness,8,4,0.3,0,13585284963879667962,4171bfe12ab2a3082198b96e4b92f37232673c83cd0ad20546109692057c8cfa,True,35,35
hard_n08_c04_witness_d300_r001,hard/witness/n08_c04/hard_n08_c04_witness_d300_r001.json,hard,192,witness,8,4,0.3,1,16386866764478484667,b38f78870e6de6f28c063a882f5ab6504e9470fd241f54ab49baf105e4247cf3,True,37,37
hard_n08_c04_witness_d300_r002,hard/witness/n08_c04/hard_n08_c04_witness_d300_r002.json,hard,192,witness,8,4,0.3,2,6287172067116623105,21033f9bfc0a91b2ba695c63832435a7e7c38019b21923dc6cf774b97b563e55,True,36,36
hard_n08_c04_witness_d300_r003,hard/witness/n08_c04/hard_n08_c04_witness_d300_r003.json,hard,192,witness,8,4,0.3,3,15117438766114464458,e97ee22858ad54960adec03018af01d46e1eb05d838923dd88d8deae22dc8d3b,True,30,30
hard_n08_c04_witness_d300_r004,hard/witness/n08_c04/hard_n08_c04_witness_d300_r004.json,hard,192,witness,8,4,0.3,4,11800246070819633717,6b76582da638147bf486f5b5710256ba0126c369e53e0299c7f0a0ebd8b223f5,True,36,36
hard_n08_c04_witness_d300_r005,hard/witness/n08_c04/hard_n08_c04_witness_d300_r005.json,hard,192,witness,8,4,0.3,5,5495922558209334954,b47885c8a381ba323b19a4f729192bd7132ceb410987401ea01264bd8d32549f,True,42,42
hard_n08_c04_witness_d300_r006,hard/witness/n08_c04/hard_n08_c04_witness_d300_r006.json,hard,192,witness,8,4,0.3,6,3711381820533666853,ec0ee2d2873115c6e44f8ff552e31325b909fdd34223a27a70a6daca3ca00f4d,True,39,39
hard_n08_c04_witness_d300_r007,hard/witness/n08_c04/hard_n08_c04_witness_d300_r007.json,hard,192,witness,8,4,0.3,7,3075521287416868149,b83b8e2de6cac29f83c36a4bf2a2eedbea336de0bee479bf25f68b3be7cf5494,True,38,38
hard_n08_c04_witness_d300_r008,hard/witness/n08_c04/hard_n08_c04_witness_d300_r008.json,hard,192,witness,8,4,0.3,8,3271942741887507170,d196c778476de7aeae1dfe7d3acb1c258c5e06a64fa62219deba314586f41d4e,True,42,42
hard_n08_c04_witness_d300_r009,hard/witness/n08_c04/hard_n08_c04_witness_d300_r009.json,hard,192,witness,8,4,0.3,9,16374207293605196322,31f381ca328c8306c76f3ab0ff7bb87070d920ebc8b467477fa673cc441d1d43,True,40,40
hard_n08_c04_witness_d600_r000,hard/witness/n08_c04/hard_n08_c04_witness_d600_r000.json,hard,192,witness,8,4,0.6,0,3818143144079894266,1c3ad2a07d17c58d5b819a3bc5d51d4081befb18bf0b881f56e200f734849e5f,True,77,77
hard_n08_c04_witness_d600_r001,hard/witness/n08_c04/hard_n08_c04_witness_d600_r001.json,hard,192,witness,8,4,0.6,1,7034880797899381975,d83202a23b75e0a7e7da10a49438df4bef1a59281c1ef8c08c95ec8fdd60fec5,True,71,71
hard_n08_c04_witness_d600_r002,hard/witness/n08_c04/hard_n08_c04_witness_d600_r002.json,hard,192,witness,8,4,0.6,2,17166647398964139167,70c4de85e026f66ab71b9cb466013337b46c4357e8249ff7412ce7a174d5882b,True,79,79
hard_n08_c04_witness_d600_r003,hard/witness/n08_c04/hard_n08_c04_witness_d600_r003.json,hard,192,witness,8,4,0.6,3,9676180261380164458,4f74e01cc97cc3b93f2d27789568a50352141285cd940f4acbe57dec0c36b534,True,71,71
hard_n08_c04_witness_d600_r004,hard/witness/n08_c04/hard_n08_c04_witness_d600_r004.json,hard,192,witness,8,4,0.6,4,2790204747296244037,a616934ff65bdbab47e46c3cd2a0e165fde4ab87af969374647f130cd108c888,True,74,74
hard_n08_c04_witness_d600_r005,hard/witness/n08_c04/hard_n08_c04_witness_d600_r005.json,hard,192,witness,8,4,0.6,5,4389610331343227993,450a6de38188f927f1f853ab584f26cbfd7780076323b89fa74424edde71498e,True,69,69
hard_n08_c04_witness_d600_r006,hard/witness/n08_c04/hard_n08_c04_witness_d600_r006.json,hard,192,witness,8,4,0.6,6,1989827279890752443,71c66ad3d8fcef3ac7acb06654ca6b9f2562141a3b8fbc35cf9768bf4c9e154e,True,72,72
hard_n08_c04_witness_d600_r007,hard/witness/n08_c04/hard_n08_c04_witness_d600_r007.json,hard,192,witness,8,4,0.6,7,977153701411779758,4c27267a2ab0c5466460f143ca16b9c661ccb54277b40057ff31e83cd1c9f46d,True,77,77
hard_n08_c04_witness_d600_r008,hard/witness/n08_c04/hard_n08_c04_witness_d600_r008.json,hard,192,witness,8,4,0.6,8,502862483112462512,1ec58942f5493f2d48b471046ac4b6e7392616da4677cf220b29c9e3a4ace60a,True,79,79
hard_n08_c04_witness_d600_r009,hard/witness/n08_c04/hard_n08_c04_witness_d600_r009.json,hard,192,witness,8,4,0.6,9,13066322955877230227,004bb9fa59b3fa44729856b2b27536365b8587391b9da1d05a67db9ff99a8029,True,79,79
hard_n08_c04_uniform_r000,hard/uniform/n08_c04/hard_n08_c04_uniform_r000.json,hard,192,uniform,8,4,,0,14255987948276099837,a7cb4b49abf165375db01c999a880152fdd00094e763864815e10c31a68534df,False,,
hard_n08_c04_uniform_r001,hard/uniform/n08_c04/hard_n08_c04_uniform_r001.json,hard,192,uniform,8,4,,1,15403066563863793,8dff29569bb4e009e845eb86eab5775ac13e2ff4168a7f8e349062800c4d4bc6,False,,
hard_n08_c04_uniform_r002,hard/uniform/n08_c04/hard_n08_c04_uniform_r002.json,hard,192,uniform,8,4,,2,3779506114186243990,1577392be20bd6c5cb13fa760766749487714f95e031bd1a884673193bb5c096,False,,
hard_n08_c04_uniform_r003,hard/uniform/n08_c04/hard_n08_c04_uniform_r003.json,hard,192,uniform,8,4,,3,3744498062486794799,9003c07ce88518366c744541996116dd6488b5ec7c1c44fddca6d306ca9f229f,False,,
hard_n08_c04_uniform_r004,hard/uniform/n08_c04/hard_n08_c04_uniform_r004.json,hard,192,uniform,8,4,,4,7548251113919691178,1d3d272c56b95c8b69d94d8d679658b327730450d89cdc68e22b1b8e188367ec,False,,
hard_n08_c04_uniform_r005,hard/uniform/n08_c04/hard_n08_c04_uniform_r005.json,hard,192,uniform,8,4,,5,17906010420182636761,0e2b6bf2eb8e97bb34039d73444523aa7e32ba53ce839ec3ff9a019d90e44d3a,False,,
hard_n08_c04_uniform_r006,hard/uniform/n08_c04/hard_n08_c04_uniform_r006.json,hard,192,uniform,8,4,,6,4009075051618374777,2f3ed48421d6f1024cfcdd7b8162a48b26a9a4fa3a9d941675e9dc47aa1dc68c,False,,
hard_n08_c04_uniform_r007,hard/uniform/n08_c04/hard_n08_c04_uniform_r007.json,hard,192,uniform,8,4,,7,16125738488362216714,e115b14b284658a4d00766db9523e96928e52d9b7ac3d8dbf0b805de19035bc2,False,,
hard_n08_c04_uniform_r008,hard/uniform/n08_c04/hard_n08_c04_uniform_r008.json,hard,192,uniform,8,4,,8,1570871913006034387,411e80c5c5718ae807f0e4eced8f92585566180535e96c83962e1546dc9b2f20,False,,
hard_n08_c04_uniform_r009,hard/uniform/n08_c04/hard_n08_c04_uniform_r009.json,hard,192,uniform,8,4,,9,16494882582704924475,e9632bfe1b316ea0e56c6a97f1759a57394bc31684560ded58f7b4cdf045e0b7,False,,
medium_n10_c02_witness_d100_r000,medium/witness/n10_c02/medium_n10_c02_witness_d100_r000.json,medium,100,witness,10,2,0.1,0,18054687178218482688,1f04dd6748fb29e5f676a9790bc76c7af39d9fd876d85309006622dedaec1113,True,10,10
medium_n10_c02_witness_d100_r001,medium/witness/n10_c02/medium_n10_c02_witness_d100_r001.json,medium,100,witness,10,2,0.1,1,18288997679285233924,d6fa54893c3ef45a4e7191895c9a6b1e806e0e1b5916426e3faefab4c259b554,True,10,10
medium_n10_c02_witness_d100_r002,medium/witness/n10_c02/medium_n10_c02_witness_d100_r002.json,medium,100,witness,10,2,0.1,2,7719415658499358360,015029658c6218d979c223bce76a14b4846c382e38b7b033466a228b8c583c91,True,10,10
medium_n10_c02_witness_d100_r003,medium/witness/n10_c02/medium_n10_c02_witness_d100_r003.json,medium,100,witness,10,2,0.1,3,827432544686506942,e7e875c9f0dc02c4189b9c2bf53f32410076701655da8ceaa31018f17f682ba7,True,10,10
medium_n10_c02_witness_d100_r004,medium/witness/n10_c02/medium_n10_c02_witness_d100_r004.json,medium,100,witness,10,2,0.1,4,14972106902389679799,4378a24a55f6e583f50e6a7e9a0f49eb52927c90de1ec87017cbc422cb6cd1d3,True,10,10
medium_n10_c02_witness_d100_r005,medium/witness/n10_c02/medium_n10_c02_witness_d100_r005.json,medium,100,witness,10,2,0.1,5,10142564538850198943,c3c4fc26ff39694e569fba2b9f0cf615877770d2ec088fb2f6674a800cf63e7c,True,10,10
medium_n10_c02_witness_d100_r006,medium/witness/n10_c02/medium_n10_c02_witness_d100_r006.json,medium,100,witness,10,2,0.1,6,5933142718600939280,c192f0a846a9eca041a0c99c95be6ff755cd8a52f3559b53adb6ca34765d6d33,True,10,10
medium_n10_c02_witness_d100_r007,medium/witness/n10_c02/medium_n10_c02_witness_d100_r007.json,medium,100,witness,10,2,0.1,7,15319149929980787954,9a5b0d8421acf47b5b86c39760b81b220403cdd77d5ebb9fe67233dadc82d23a,True,10,10
medium_n10_c02_witness_d100_r008,medium/witness/n10_c02/medium_n10_c02_witness_d100_r008.json,medium,100,witness,10,2,0.1,8,13827766793135585566,cb011929c72d0520737dc8180f41ee9fae25a27ac4499b1f0285f46c19c94c69,True,10,10
medium_n10_c02_witness_d100_r009,medium/witness/n10_c02/medium_n10_c02_witness_d100_r009.json,medium,100,witness,10,2,0.1,9,6940379839042821789,b94687b44239b1d753ef6149eddde3f2e6a01f53635a62107f06624d6d8e19f2,True,10,10
medium_n10_c02_witness_d300_r000,medium/witness/n10_c02/medium_n10_c02_witness_d300_r000.json,medium,100,witness,10,2,0.3,0,16612226232223638623,b21273b2192dff8cb40ed8aba576676f6069ce36629c0a0687c84b61dd053e55,True,30,30
medium_n10_c02_witness_d300_r001,medium/witness/n10_c02/medium_n10_c02_witness_d300_r001.json,medium,100,witness,10,2,0.3,1,10661135348306039189,6f08f09c5ee75e0a7dd6917300721c0c7fa3afbc18fd0ca75a5edbe3cf29b598,True,30,30
medium_n10_c02_witness_d300_r002,medium/witness/n10_c02/medium_n10_c02_witness_d300_r002.json,medium,100,witness,10,2,0.3,2,17166853062041334251,1e7ab951a37caaf1f300203901df098f0ee9d9579f6c9eebfb3aeda415f0e996,True,30,30
medium_n10_c02_witness_d300_r003,medium/witness/n10_c02/medium_n10_c02_witness_d300_r003.json,medium,100,witness,10,2,0.3,3,5468093201812504800,b4d993c6cf645663e5ca57dd87dfb7e200d43c00d062eabfce7d86e7f03de670,True,30,30
medium_n10_c02_witness_d300_r004,medium/witness/n10_c02/medium_n10_c02_witness_d300_r004.json,medium,100,witness,10,2,0.3,4,5478372378184821850,81570c2b03270667aad239641595b7625d90a2cfd5949865f6d350eb3079e562,True,30,30
medium_n10_c02_witness_d300_r005,medium/witness/n10_c02/medium_n10_c02_witness_d300_r005.json,medium,100,witness,10,2,0.3,5,6715595806290780870,d801e3a42853f5511c99fef33d04699c55bb853498a6556a140d53dcbfec81c4,True,30,30
medium_n10_c02_witness_d300_r006,medium/witness/n10_c02/medium_n10_c02_witness_d300_r006.json,medium,100,witness,10,2,0.3,6,12725683412246420548,386dc6fedbdac12a3c2c707d4dcb2012470d821ba565bb2a576274f85066d9f4,True,30,30
medium_n10_c02_witness_d300_r007,medium/witness/n10_c02/medium_n10_c02_witness_d300_r007.json,medium,100,witness,10,2,0.3,7,13674252480840301118,0bb97d4d7852d4cfe4b11a8288a6661c60d542b5be98e8e4d269a36720405904,True,30,30
medium_n10_c02_witness_d300_r008,medium/witness/n10_c02/medium_n10_c02_witness_d300_r008.json,medium,100,witness,10,2,0.3,8,16499362554382575492,f5ab49444d23d88d3277dc502261bc6ce0a6066353c0e8b83bdc0189d5147264,True,30,30
medium_n10_c02_witness_d300_r009,medium/witness/n10_c02/medium_n10_c02_witness_d300_r009.json,medium,100,witness,10,2,0.3,9,17143197019212185441,3416f04309de7a38656d0d94fe2867c25d8c94a556f544ba79ef0feeff5cbce8,True,30,30
medium_n10_c02_witness_d600_r000,medium/witness/n10_c02/medium_n10_c02_witness_d600_r000.json,medium,100,witness,10,2,0.6,0,9943328187933894047,53e3b51490a8e29514b8568b57baee2ae0bf16c7210e6cf96b56880132556013,True,60,60
medium_n10_c02_witness_d600_r001,medium/witness/n10_c02/medium_n10_c02_witness_d600_r001.json,medium,100,witness,10,2,0.6,1,217630979667113041,f462c4bd198bcc517f14dbf0bf2e796c2091a3dc7b394148749edbd0417e1864,True,60,60
medium_n10_c02_witness_d600_r002,medium/witness/n10_c02/medium_n10_c02_witness_d600_r002.json,medium,100,witness,10,2,0.6,2,7359841268226871260,c36dceed9225bbf9dfa02449b532644bc6c8ffaa9ed2a62d34e0fd6aece95ccc,True,60,60
medium_n10_c02_witness_d600_r003,medium/witness/n10_c02/medium_n10_c02_witness_d600_r003.json,medium,100,witness,10,2,0.6,3,5615753126068170147,3d8328f635d034838e799071bae391df6f6e62ded7602a1b737f709d4f77dd1f,True,60,60
medium_n10_c02_witness_d600_r004,medium/witness/n10_c02/medium_n10_c02_witness_d600_r004.json,medium,100,witness,10,2,0.6,4,11121584174988679685,bbfd2573412694b2f97ac10264dfa4ee4e882bf3678c4c562052c7fb9ed95dc3,True,60,60
medium_n10_c02_witness_d600_r005,medium/witness/n10_c02/medium_n10_c02_witness_d600_r005.json,medium,100,witness,10,2,0.6,5,12131464093177552536,61672e33117cbd2b6584fb042b736712678f61c4aa5bb177837ff0c761018911,True,60,60
medium_n10_c02_witness_d600_r006,medium/witness/n10_c02/medium_n10_c02_witness_d600_r006.json,medium,100,witness,10,2,0.6,6,13452636865144356372,89b57ba93c581868655b9d00e1803973e5f7bd711e3097e0d2f3904e817704a0,True,60,60
medium_n10_c02_witness_d600_r007,medium/witness/n10_c02/medium_n10_c02_witness_d600_r007.json,medium,100,witness,10,2,0.6,7,13326172556769737118,09e8cab9638ce4a872f7c5d9e32d871af157e964fcf1cf06a685f6edbb011873,True,60,60
medium_n10_c02_witness_d600_r008,medium/witness/n10_c02/medium_n10_c02_witness_d600_r008.json,medium,100,witness,10,2,0.6,8,9496874700536748783,961ff224afccd88f076fe752ea3242b20a734c622a4872aea3c76018deaca9ee,True,60,60
medium_n10_c02_witness_d600_r009,medium/witness/n10_c02/medium_n10_c02_witness_d600_r009.json,medium,100,witness,10,2,0.6,9,10254291149144459634,cf7743476fab381f5619dac48bae4057ce721ad0fdc5e465c0b2a4421d7de030,True,60,60
medium_n10_c02_uniform_r000,medium/uniform/n10_c02/medium_n10_c02_uniform_r000.json,medium,100,uniform,10,2,,0,16833744235053054521,f05f13989bbbf2cec2bc0adc3d353fbfca95024e02c65ede00b74a60ff64cbc0,False,,
medium_n10_c02_uniform_r001,medium/uniform/n10_c02/medium_n10_c02_uniform_r001.json,medium,100,uniform,10,2,,1,3445393013221731574,05be6978062d8473604185ea6343a338f813e62f56d41aebbcce04c193468486,False,,
medium_n10_c02_uniform_r002,medium/uniform/n10_c02/medium_n10_c02_uniform_r002.json,medium,100,uniform,10,2,,2,145452661968842579,8da8bdf1a2155a5cb3ad158eb7265afc52ba35277b05c38ba533f36f12f52988,False,,
medium_n10_c02_uniform_r003,medium/uniform/n10_c02/medium_n10_c02_uniform_r003.json,medium,100,uniform,10,2,,3,4706801586142570874,2f957261b8ef53d175f40c92692bb3854972968984a6d648b687404a5a2087b3,False,,
medium_n10_c02_uniform_r004,medium/uniform/n10_c02/medium_n10_c02_uniform_r004.json,medium,100,uniform,10,2,,4,15870419780234336065,d44ba9d302ac7704485413add5f830d88f35a45151b03a0d1530c876a3223fc7,False,,
medium_n10_c02_uniform_r005,medium/uniform/n10_c02/medium_n10_c02_uniform_r005.json,medium,100,uniform,10,2,,5,4275440946956672074,c16fcd0b75bc819b1cdcab3f129176460ee41f2333d5f92f22d6b8ad49d409c7,False,,
medium_n10_c02_uniform_r006,medium/uniform/n10_c02/medium_n10_c02_uniform_r006.json,medium,100,uniform,10,2,,6,14670106215551484029,2de2510d9abe1962f84ab7e85c7d62f64637151f541689ed800e87de1f90c09f,False,,
medium_n10_c02_uniform_r007,medium/uniform/n10_c02/medium_n10_c02_uniform_r007.json,medium,100,uniform,10,2,,7,2833780136614683545,1c7f811875a585f1f21c13e0bd7e2ff202ba1c638a02f127e8febd98caddc2ff,False,,
medium_n10_c02_uniform_r008,medium/uniform/n10_c02/medium_n10_c02_uniform_r008.json,medium,100,uniform,10,2,,8,7711579392303621452,0cbb8bbe7b4350671bde8d9dbef4e69592883a887ed90fe762d9a8b5046b25e0,False,,
medium_n10_c02_uniform_r009,medium/uniform/n10_c02/medium_n10_c02_uniform_r009.json,medium,100,uniform,10,2,,9,17118871431406369604,1e614bb585ac13cdb38e1d380f458687267bbf5af0023f5ed784ebf627a806b6,False,,
hard_n10_c03_witness_d100_r000,hard/witness/n10_c03/hard_n10_c03_witness_d100_r000.json,hard,200,witness,10,3,0.1,0,17799105227974675426,ab89c11d862ae50b4ac102c56ef9904e45305fa914362fa17ec6378f7701fb04,True,17,17
hard_n10_c03_witness_d100_r001,hard/witness/n10_c03/hard_n10_c03_witness_d100_r001.json,hard,200,witness,10,3,0.1,1,2893394602864255760,8cd3002857c15f1b00b57c13f5b3cb62738b47a371cabda99f77db241af246c1,True,16,16
hard_n10_c03_witness_d100_r002,hard/witness/n10_c03/hard_n10_c03_witness_d100_r002.json,hard,200,witness,10,3,0.1,2,1350988207206049883,88f4a800fdf8e3f4e9553cb4be6b17a6fc25f2186e3a05d071a66e404517cb4c,True,12,12
hard_n10_c03_witness_d100_r003,hard/witness/n10_c03/hard_n10_c03_witness_d100_r003.json,hard,200,witness,10,3,0.1,3,202016066068471933,0c70e81646510000bb33a5a3b0572e2e94ed9f20a4f02ee5dd147a09ff121eab,True,15,15
hard_n10_c03_witness_d100_r004,hard/witness/n10_c03/hard_n10_c03_witness_d100_r004.json,hard,200,witness,10,3,0.1,4,775505624230920305,a9e2c32aec447079a1e6336bfbf66071a63647a0f3fec5422e2c73e1121d8b82,True,14,14
hard_n10_c03_witness_d100_r005,hard/witness/n10_c03/hard_n10_c03_witness_d100_r005.json,hard,200,witness,10,3,0.1,5,5210399509526548619,ff9bf7a22289a7aabda396c858fdddf5e8b3490c59ace588de204bcc439a5e5d,True,15,15
hard_n10_c03_witness_d100_r006,hard/witness/n10_c03/hard_n10_c03_witness_d100_r006.json,hard,200,witness,10,3,0.1,6,10947382213085497854,933af34f6fb7bb56c7c812aa4a22d1c42d5bf08ac30bdfd5e9b9592b56486aa7,True,16,16
hard_n10_c03_witness_d100_r007,hard/witness/n10_c03/hard_n10_c03_witness_d100_r007.json,hard,200,witness,10,3,0.1,7,476196460098527311,c40f6d7f1d8b3b42ee0a111aafe1ad3b359cd25e260ca07b51bc4144c85257da,True,14,14
hard_n10_c03_witness_d100_r008,hard/witness/n10_c03/hard_n10_c03_witness_d100_r008.json,hard,200,witness,10,3,0.1,8,6641782374977036586,d9fe7dc5e0a68f4d0f9072047abced67b1496d3c73c613ff1f568eef7d76db85,True,14,14
hard_n10_c03_witness_d100_r009,hard/witness/n10_c03/hard_n10_c03_witness_d100_r009.json,hard,200,witness,10,3,0.1,9,2301886320027152504,d9471e70a4c7296ffe8bae2d4b5684234aced67e6c2bb2c725dcd69594efb9fe,True,15,15
hard_n10_c03_witness_d300_r000,hard/witness/n10_c03/hard_n10_c03_witness_d300_r000.json,hard,200,witness,10,3,0.3,0,18110813509331599031,1caa7bdcfb8993fa80a2ee3f61df59bccb184bd5743366235c7276e0131bc975,True,49,49
hard_n10_c03_witness_d300_r001,hard/witness/n10_c03/hard_n10_c03_witness_d300_r001.json,hard,200,witness,10,3,0.3,1,16227906126850542620,bf91a6215f11a6d03178257574bee80f599aa760edefbf1bcd70d703ea96aa7d,True,47,47
hard_n10_c03_witness_d300_r002,hard/witness/n10_c03/hard_n10_c03_witness_d300_r002.json,hard,200,witness,10,3,0.3,2,8928390036289834761,f69afa94c3636d052e662bf724321e42eacc74f8cbe7cbbd74505627eda97d7c,True,47,47
hard_n10_c03_witness_d300_r003,hard/witness/n10_c03/hard_n10_c03_witness_d300_r003.json,hard,200,witness,10,3,0.3,3,12444935893512425151,025c156c421ea0051a4e848cf4de4066bf91433c1b80bc8012592265d8778315,True,47,47
hard_n10_c03_witness_d300_r004,hard/witness/n10_c03/hard_n10_c03_witness_d300_r004.json,hard,200,witness,10,3,0.3,4,16791354223288804290,689f4a0c6f6eb7244436fe88baf538c2f8d2103ca837f44e27a9491c3660e59c,True,46,46
hard_n10_c03_witness_d300_r005,hard/witness/n10_c03/hard_n10_c03_witness_d300_r005.json,hard,200,witness,10,3,0.3,5,11044475753149717301,fedff9210b79a53de290d602c17d2b5a89e4427550f24b379e27e26bd50d544c,True,46,46
hard_n10_c03_witness_d300_r006,hard/witness/n10_c03/hard_n10_c03_witness_d300_r006.json,hard,200,witness,10,3,0.3,6,1709017962396774801,d6921cfb09441a84e1944c2cbe515509c5e49d93128dccc7fe2c459aca62432c,True,46,46
hard_n10_c03_witness_d300_r007,hard/witness/n10_c03/hard_n10_c03_witness_d300_r007.json,hard,200,witness,10,3,0.3,7,14454553760992078910,f455bc7217f7d4a0e78519edd5a0a8b783c4945c38fd2dbf001bde2be5322950,True,44,44
hard_n10_c03_witness_d300_r008,hard/witness/n10_c03/hard_n10_c03_witness_d300_r008.json,hard,200,witness,10,3,0.3,8,5802702468875847941,8960cc26d9b0a98a5bbd008f4bd83ae6a43141dcb9abdd422637c5327425d549,True,46,46
hard_n10_c03_witness_d300_r009,hard/witness/n10_c03/hard_n10_c03_witness_d300_r009.json,hard,200,witness,10,3,0.3,9,12556206307652230027,03f72cdc0e3d1630f388fcbe74ca90a2a6e6a3f740e2be8c16f75c98f20ce03a,True,46,46
hard_n10_c03_witness_d600_r000,hard/witness/n10_c03/hard_n10_c03_witness_d600_r000.json,hard,200,witness,10,3,0.6,0,8794789259633994586,cff296d6c5f67328840a17a5ad363e472c9bf21793f631d7cbcb5d6dd458d0b2,True,85,85
hard_n10_c03_witness_d600_r001,hard/witness/n10_c03/hard_n10_c03_witness_d600_r001.json,hard,200,witness,10,3,0.6,1,4065692468675966300,263a8ca21eb51b33ed64514f8f2380159d29978d3cf1bbc55122faa0639bf945,True,96,96
hard_n10_c03_witness_d600_r002,hard/witness/n10_c03/hard_n10_c03_witness_d600_r002.json,hard,200,witness,10,3,0.6,2,15929280206694408101,95ee5050448bcb5d121f3d65d5dac38f2a2e6fb96ec75b8cb6b06e62c7fb80b5,True,95,95
hard_n10_c03_witness_d600_r003,hard/witness/n10_c03/hard_n10_c03_witness_d600_r003.json,hard,200,witness,10,3,0.6,3,5492733012229003013,83969586ec29ee3ba847701299f2c5fc6976e57d8692cb9a85781ffcdb48171e,True,93,93
hard_n10_c03_witness_d600_r004,hard/witness/n10_c03/hard_n10_c03_witness_d600_r004.json,hard,200,witness,10,3,0.6,4,14654320926228833356,e0a2b821f1b28b8b0e5151649ec5eb02bdc9e8b8844fe124b272e3a9d59050a9,True,91,91
hard_n10_c03_witness_d600_r005,hard/witness/n10_c03/hard_n10_c03_witness_d600_r005.json,hard,200,witness,10,3,0.6,5,4688466768822485087,5715c3fcf674e73ad5fdc4d849e67d52b0b83fce9a443f9ddac9e25b1858e80f,True,91,91
hard_n10_c03_witness_d600_r006,hard/witness/n10_c03/hard_n10_c03_witness_d600_r006.json,hard,200,witness,10,3,0.6,6,1388065782115238533,425f63967c082204a8d97373feb504db47fabc35b895e598edbf0eee743ba466,True,84,84
hard_n10_c03_witness_d600_r007,hard/witness/n10_c03/hard_n10_c03_witness_d600_r007.json,hard,200,witness,10,3,0.6,7,13963361878676780511,029a9d9c8f369e853413824908f21790e878052d9288ad6c0c76608fac958d87,True,88,88
hard_n10_c03_witness_d600_r008,hard/witness/n10_c03/hard_n10_c03_witness_d600_r008.json,hard,200,witness,10,3,0.6,8,1594704261829571210,478f5d2daa6ac02588bb947b9c85cccfad788ecce135571bad0e05c75df47a81,True,90,90
hard_n10_c03_witness_d600_r009,hard/witness/n10_c03/hard_n10_c03_witness_d600_r009.json,hard,200,witness,10,3,0.6,9,12422385935905275009,42e50aa896051656a1adac1b80bb7aa489a9475f1173c96e7d2d9797874cc7a9,True,88,88
hard_n10_c03_uniform_r000,hard/uniform/n10_c03/hard_n10_c03_uniform_r000.json,hard,200,uniform,10,3,,0,10226075397705619999,3a449acab3d40108a6378f012165a946e736dcd919a0111d365b217c5f9efce1,False,,
hard_n10_c03_uniform_r001,hard/uniform/n10_c03/hard_n10_c03_uniform_r001.json,hard,200,uniform,10,3,,1,2223562524444287184,1c85b50608565cfdd0178ab3abd9c62c859efb8b12f26abd4e2b2973d7634e0b,False,,
hard_n10_c03_uniform_r002,hard/uniform/n10_c03/hard_n10_c03_uniform_r002.json,hard,200,uniform,10,3,,2,4490162963576339942,acf2635fecef7acf4e056d53f7582a244ed7a1eabc7ce34b9eb94cc974a2d996,False,,
hard_n10_c03_uniform_r003,hard/uniform/n10_c03/hard_n10_c03_uniform_r003.json,hard,200,uniform,10,3,,3,3979593340494775319,fc7372b1ba4049e8018e246f1e07868ec49714cf269148c788b74fa3e1813113,False,,
hard_n10_c03_uniform_r004,hard/uniform/n10_c03/hard_n10_c03_uniform_r004.json,hard,200,uniform,10,3,,4,1029982727823394889,e64c51facfc35f2a260a813300b73b550261436b62c650ac1fdef6efa1539d5b,False,,
hard_n10_c03_uniform_r005,hard/uniform/n10_c03/hard_n10_c03_uniform_r005.json,hard,200,uniform,10,3,,5,5768955791329533322,10d31a71f6b5ed5d496a8fbd0465eac0a1922a47834ba21b17c4b894c21c4181,False,,
hard_n10_c03_uniform_r006,hard/uniform/n10_c03/hard_n10_c03_uniform_r006.json,hard,200,uniform,10,3,,6,3313114940328734268,d6dad0ed47bfb5cbc8e5482d983edcaf955fc11c83bfa56630912b1a0f223f1c,False,,
hard_n10_c03_uniform_r007,hard/uniform/n10_c03/hard_n10_c03_uniform_r007.json,hard,200,uniform,10,3,,7,3272671313774311884,d121d805f4313e19dd8629f50ca7a0d5fc215bfa473b46adca4fe824063a03ae,False,,
hard_n10_c03_uniform_r008,hard/uniform/n10_c03/hard_n10_c03_uniform_r008.json,hard,200,uniform,10,3,,8,16911664577483962361,a67408a531ec299b77a8c06031fd1f1e8762f253e186a3180f968bc7d82b4f64,False,,
hard_n10_c03_uniform_r009,hard/uniform/n10_c03/hard_n10_c03_uniform_r009.json,hard,200,uniform,10,3,,9,12636788313803202526,8da9ed1151d8d0f9ac724fde5729fe9daa23bd47f27774b255c1e8b1cd7fc33d,False,,
hard_n10_c04_witness_d100_r000,hard/witness/n10_c04/hard_n10_c04_witness_d100_r000.json,hard,300,witness,10,4,0.1,0,6872910408632311412,ff96145fdb4918e4120dd30477ed75fb3e7472bcddddd7319cd8c92678322fde,True,22,22
hard_n10_c04_witness_d100_r001,hard/witness/n10_c04/hard_n10_c04_witness_d100_r001.json,hard,300,witness,10,4,0.1,1,11711559957389854438,5b71ede60f11b19daa24c19bb2366f448d5270e28c62dcb850c4b34ccce7d5b1,True,28,28
hard_n10_c04_witness_d100_r002,hard/witness/n10_c04/hard_n10_c04_witness_d100_r002.json,hard,300,witness,10,4,0.1,2,12341696728757035277,b741d48a123246a12fb6486141cd47fd02962beab7d82f6507bd08be785256c8,True,24,24
hard_n10_c04_witness_d100_r003,hard/witness/n10_c04/hard_n10_c04_witness_d100_r003.json,hard,300,witness,10,4,0.1,3,12236557257906154238,287d11fd586be3b7dd62b57bf24fbd2c71d1792b4491347921dd177b79e9fbde,True,19,19
hard_n10_c04_witness_d100_r004,hard/witness/n10_c04/hard_n10_c04_witness_d100_r004.json,hard,300,witness,10,4,0.1,4,13706610844826274528,543395343a0d80acb31c1ca45a0495dcc9784b685ede7383c2bd8f405d5b19d8,True,13,13
hard_n10_c04_witness_d100_r005,hard/witness/n10_c04/hard_n10_c04_witness_d100_r005.json,hard,300,witness,10,4,0.1,5,17044514161130997205,d80534103a6577510c4dd622820dc0424a272f1522d1b44c3b8c23d563e98fea,True,19,19
hard_n10_c04_witness_d100_r006,hard/witness/n10_c04/hard_n10_c04_witness_d100_r006.json,hard,300,witness,10,4,0.1,6,16735210633116378191,36da09677644a2e867d72d94a069c32184c30b71289a50d56748ed43bb02afa5,True,22,22
hard_n10_c04_witness_d100_r007,hard/witness/n10_c04/hard_n10_c04_witness_d100_r007.json,hard,300,witness,10,4,0.1,7,16164482566995810097,2e598fb7d2a3c3cbc7c5d1a54e6862d065ff35162a279cf64c7e8a6df3ba7ed7,True,21,21
hard_n10_c04_witness_d100_r008,hard/witness/n10_c04/hard_n10_c04_witness_d100_r008.json,hard,300,witness,10,4,0.1,8,8028018227328614410,7ddac11637a13d3db812d4a8fdec1ad2c1e6620f252387e6885cab2d76e3bfdb,True,20,20
hard_n10_c04_witness_d100_r009,hard/witness/n10_c04/hard_n10_c04_witness_d100_r009.json,hard,300,witness,10,4,0.1,9,621114141966076237,815fdb14d93e6309241e9bcb1850901fc7d7c96d07e9de0a31b134be8fae7539,True,20,20
hard_n10_c04_witness_d300_r000,hard/witness/n10_c04/hard_n10_c04_witness_d300_r000.json,hard,300,witness,10,4,0.3,0,15864799020074197215,e0802a8ce3f11814659da88d78970af8055baed4e78a16dd0c7d9e62333f97d1,True,62,62
hard_n10_c04_witness_d300_r001,hard/witness/n10_c04/hard_n10_c04_witness_d300_r001.json,hard,300,witness,10,4,0.3,1,12770325510032453798,23b8709bf52766b8140405ff9a05474409e96a6adcdca991cdf8814d050017d7,True,58,58
hard_n10_c04_witness_d300_r002,hard/witness/n10_c04/hard_n10_c04_witness_d300_r002.json,hard,300,witness,10,4,0.3,2,16790934386984167993,ad41b12f55ff6052721b557d8d20315b8f0ef5ebd91c65c909717104ce4dac15,True,65,65
hard_n10_c04_witness_d300_r003,hard/witness/n10_c04/hard_n10_c04_witness_d300_r003.json,hard,300,witness,10,4,0.3,3,1226310323729177812,3f4bb1b37ee1cbc4f5976f84072bec2b1d46db86ee6598156a9d774dd0a327a9,True,59,59
hard_n10_c04_witness_d300_r004,hard/witness/n10_c04/hard_n10_c04_witness_d300_r004.json,hard,300,witness,10,4,0.3,4,10613502678223344554,9d77d548a7316c744c0fa7537803e54ead813441c483508be0943e93ef4f8871,True,56,56
hard_n10_c04_witness_d300_r005,hard/witness/n10_c04/hard_n10_c04_witness_d300_r005.json,hard,300,witness,10,4,0.3,5,11667943865834911259,66c222733dc406e342c77a2a71d31dc201378858fc22c370233e1f367b0a3c66,True,67,67
hard_n10_c04_witness_d300_r006,hard/witness/n10_c04/hard_n10_c04_witness_d300_r006.json,hard,300,witness,10,4,0.3,6,5389409828154299745,9d4b9f081424f5bc0fba31dfc53f21346bbc5da0e9de7c480f5ad37fb026a716,True,64,64
hard_n10_c04_witness_d300_r007,hard/witness/n10_c04/hard_n10_c04_witness_d300_r007.json,hard,300,witness,10,4,0.3,7,6447316442233760812,929d50f6209477e3786da156a8fe7f7dbd1502511ab992d4e06f134c3f2ea908,True,62,62
hard_n10_c04_witness_d300_r008,hard/witness/n10_c04/hard_n10_c04_witness_d300_r008.json,hard,300,witness,10,4,0.3,8,11660976763095048492,89dabacb356867a62cbf74ed03783beb03dc82452654d4ceadae96957c2eaff8,True,54,54
hard_n10_c04_witness_d300_r009,hard/witness/n10_c04/hard_n10_c04_witness_d300_r009.json,hard,300,witness,10,4,0.3,9,12558221712894284547,39b5c59793fd3554601e9448e15e0a6316b6f58f09427e689ad82cc1770fcfa5,True,55,55
hard_n10_c04_witness_d600_r000,hard/witness/n10_c04/hard_n10_c04_witness_d600_r000.json,hard,300,witness,10,4,0.6,0,14225854388456581271,bb41076882c2cf79371748a95a870ad79d01a411de959907c4b97969e408dd6c,True,113,113
hard_n10_c04_witness_d600_r001,hard/witness/n10_c04/hard_n10_c04_witness_d600_r001.json,hard,300,witness,10,4,0.6,1,11463162974729094264,01ad4c1cddef3993305d4f6fda3e39b95c8397ea6bd761f699310848e2cd6643,True,122,122
hard_n10_c04_witness_d600_r002,hard/witness/n10_c04/hard_n10_c04_witness_d600_r002.json,hard,300,witness,10,4,0.6,2,823175558991645272,67d687e1516872b9f1e868e52e9f56c4650919c4baf1cb8804af0938bd5c83da,True,120,120
hard_n10_c04_witness_d600_r003,hard/witness/n10_c04/hard_n10_c04_witness_d600_r003.json,hard,300,witness,10,4,0.6,3,3454793374653091378,36c055b26306d9559109efaa68c0482e291d21a7a600e045e35141bbe4467af9,True,123,123
hard_n10_c04_witness_d600_r004,hard/witness/n10_c04/hard_n10_c04_witness_d600_r004.json,hard,300,witness,10,4,0.6,4,433639579868798805,3422fb3b41181561dd422fc87021ef5f8f4afe6660b375f9b9b133c1d44b4ffe,True,123,123
hard_n10_c04_witness_d600_r005,hard/witness/n10_c04/hard_n10_c04_witness_d600_r005.json,hard,300,witness,10,4,0.6,5,5100006374781624721,79ed740993ad8740c4b622fd57d8731ba1061a5d2ca37b4caa8acf47cf0a2ecd,True,119,119
hard_n10_c04_witness_d600_r006,hard/witness/n10_c04/hard_n10_c04_witness_d600_r006.json,hard,300,witness,10,4,0.6,6,12602815163594142291,6858be12f613b44f07ee386144cfd854cb368d67572af888869b77d63cbee2eb,True,119,119
hard_n10_c04_witness_d600_r007,hard/witness/n10_c04/hard_n10_c04_witness_d600_r007.json,hard,300,witness,10,4,0.6,7,4295688727107712552,29eafba0a1b159081c0decb978aefc657971aecb26ea9bc474f764200e4269ab,True,110,110
hard_n10_c04_witness_d600_r008,hard/witness/n10_c04/hard_n10_c04_witness_d600_r008.json,hard,300,witness,10,4,0.6,8,4405512252569175854,682382e01adbe3ab35f21b3dead748c31fdae637e46e0f844ae4f8e763395df9,True,118,118
hard_n10_c04_witness_d600_r009,hard/witness/n10_c04/hard_n10_c04_witness_d600_r009.json,hard,300,witness,10,4,0.6,9,15671308807150957054,1a87e0c9c6d55e1be302ada3b5c9cf0ded0d1f525fb124be595ae6345d9a3469,True,130,130
hard_n10_c04_uniform_r000,hard/uniform/n10_c04/hard_n10_c04_uniform_r000.json,hard,300,uniform,10,4,,0,502700485498285925,d0f93eceb13601bcc079516b7e4e6ad8a94bc637a7b8d47e33d0238c76b552be,False,,
hard_n10_c04_uniform_r001,hard/uniform/n10_c04/hard_n10_c04_uniform_r001.json,hard,300,uniform,10,4,,1,7716814107376791707,f796a7c72edbba63b5708d6ec5092d0f4fc677d1acb2fd3a3f6ec35364e3fe7a,False,,
hard_n10_c04_uniform_r002,hard/uniform/n10_c04/hard_n10_c04_uniform_r002.json,hard,300,uniform,10,4,,2,10696275751221624303,0437e88a78e39c4a355829763c90b8f1695dcaa441b599759968494866280989,False,,
hard_n10_c04_uniform_r003,hard/uniform/n10_c04/hard_n10_c04_uniform_r003.json,hard,300,uniform,10,4,,3,13515497444585326650,d74b20c0d8ff38e428450c391621d42cf8b22af600bb3b4cee8ae33dfa24d5f1,False,,
hard_n10_c04_uniform_r004,hard/uniform/n10_c04/hard_n10_c04_uniform_r004.json,hard,300,uniform,10,4,,4,7464063506959954446,3d300e8cceb1161e04350ad6c03f6531dc3eb1b1a205c1c66e7d285fd215b5a9,False,,
hard_n10_c04_uniform_r005,hard/uniform/n10_c04/hard_n10_c04_uniform_r005.json,hard,300,uniform,10,4,,5,14031374439797616058,6e6c0c176379e7f4e097a9bfec34a132e0aac00bafbab829748c782def453d9e,False,,
hard_n10_c04_uniform_r006,hard/uniform/n10_c04/hard_n10_c04_uniform_r006.json,hard,300,uniform,10,4,,6,15497480935724991660,8bf3ec4c71f14eb4222801ea9b75e473dc5749c2c3327b618caa1d40f36534b0,False,,
hard_n10_c04_uniform_r007,hard/uniform/n10_c04/hard_n10_c04_uniform_r007.json,hard,300,uniform,10,4,,7,2568358136375752698,67d402fdf0248e02cd224398b374cedde73b8f5f71dcb06961f7aea3277dbe83,False,,
hard_n10_c04_uniform_r008,hard/uniform/n10_c04/hard_n10_c04_uniform_r008.json,hard,300,uniform,10,4,,8,1494831689162319159,3a45e3ca9bb2f815c6f5c94fe0ca592d3876f1848cc36745d9ce7fe43dfc351f,False,,
hard_n10_c04_uniform_r009,hard/uniform/n10_c04/hard_n10_c04_uniform_r009.json,hard,300,uniform,10,4,,9,14628703738068212791,c934a0ab8b035d89d588f29262bb3a514a115e500951894572ac5954c870736b,False,,
hard_n12_c02_witness_d100_r000,hard/witness/n12_c02/hard_n12_c02_witness_d100_r000.json,hard,144,witness,12,2,0.1,0,2017311904757016859,1e630cc2b694e1681cff646d3db7c9b8729ce568b209ad4edfb23735430c4386,True,14,14
hard_n12_c02_witness_d100_r001,hard/witness/n12_c02/hard_n12_c02_witness_d100_r001.json,hard,144,witness,12,2,0.1,1,1778382710951386140,936c0b2eda2112c5a4ecf3252a49a773449c5b4a6ba7c2e6ba16cffe2cc864cf,True,14,14
hard_n12_c02_witness_d100_r002,hard/witness/n12_c02/hard_n12_c02_witness_d100_r002.json,hard,144,witness,12,2,0.1,2,4386756203600323210,56d3cb450bb81650d1bdfef6d37ffb6f6efacdae0dda181eeb43b7f98518bffd,True,14,14
hard_n12_c02_witness_d100_r003,hard/witness/n12_c02/hard_n12_c02_witness_d100_r003.json,hard,144,witness,12,2,0.1,3,4044452661034606675,e3f709801fec5a4013a2b7ead4d0a9398627866de25100ada8b835bf26393bef,True,14,14
hard_n12_c02_witness_d100_r004,hard/witness/n12_c02/hard_n12_c02_witness_d100_r004.json,hard,144,witness,12,2,0.1,4,11077724914586204145,d2a46cf3e835acbf2a6d07a819a5443024dd5538ba91a94729de90bb690c1d61,True,14,14
hard_n12_c02_witness_d100_r005,hard/witness/n12_c02/hard_n12_c02_witness_d100_r005.json,hard,144,witness,12,2,0.1,5,5289680334241263615,09a8229914923605bc42cf4034c8a2361927dd744c5f3e3d22a9d53c3d45dac1,True,14,14
hard_n12_c02_witness_d100_r006,hard/witness/n12_c02/hard_n12_c02_witness_d100_r006.json,hard,144,witness,12,2,0.1,6,12446900888522820316,fe0d6cea14e6023fdba263fce7b42b791a9f454b205c9ce440edd9f94619d211,True,14,14
hard_n12_c02_witness_d100_r007,hard/witness/n12_c02/hard_n12_c02_witness_d100_r007.json,hard,144,witness,12,2,0.1,7,6428376185457063916,ceeedff7e31bfcd6478059b181c1ee1266bf49ce7629026c9472c81ba418743c,True,14,14
hard_n12_c02_witness_d100_r008,hard/witness/n12_c02/hard_n12_c02_witness_d100_r008.json,hard,144,witness,12,2,0.1,8,13304115080221405067,5e533ba1228309edcbe773fa704fa5c1f81a8bd2ad0e0f8becae67a0363f4f38,True,14,14
hard_n12_c02_witness_d100_r009,hard/witness/n12_c02/hard_n12_c02_witness_d100_r009.json,hard,144,witness,12,2,0.1,9,16241801241741414005,04caf13dac6c16c2b61c39a833b2c7609909a700fcc94b059193c63cb34ffbef,True,14,14
hard_n12_c02_witness_d300_r000,hard/witness/n12_c02/hard_n12_c02_witness_d300_r000.json,hard,144,witness,12,2,0.3,0,12431742435739785896,6659e3fca86f6bcfaca6696d8747936118a2855245fc96ca72de8f5e0dfcd688,True,43,43
hard_n12_c02_witness_d300_r001,hard/witness/n12_c02/hard_n12_c02_witness_d300_r001.json,hard,144,witness,12,2,0.3,1,17542128317712823559,1311c01331194c8b4a4c293b9b3f44cda159d1e6fb747607661d6f41e5ca838e,True,43,43
hard_n12_c02_witness_d300_r002,hard/witness/n12_c02/hard_n12_c02_witness_d300_r002.json,hard,144,witness,12,2,0.3,2,12409799171151863990,f28ab6401981778f4587fdc9daaf78780c0e1a373858faa254db10433adfe84f,True,43,43
hard_n12_c02_witness_d300_r003,hard/witness/n12_c02/hard_n12_c02_witness_d300_r003.json,hard,144,witness,12,2,0.3,3,184973625688240661,1704958dd92ff94247ada0cc0e03ad0bfe4c0d188a2cf5e47b17a6d9287c5629,True,43,43
hard_n12_c02_witness_d300_r004,hard/witness/n12_c02/hard_n12_c02_witness_d300_r004.json,hard,144,witness,12,2,0.3,4,17193000599066608930,658a35fb60f1186a979520980ab22dec50cb112bf47e680c5246dc9e9f58eb27,True,43,43
hard_n12_c02_witness_d300_r005,hard/witness/n12_c02/hard_n12_c02_witness_d300_r005.json,hard,144,witness,12,2,0.3,5,1128764945096601794,15f8eca3a79ad7c849f10160086d66f05a84cbfb12c15581297124c34a44b4fa,True,43,43
hard_n12_c02_witness_d300_r006,hard/witness/n12_c02/hard_n12_c02_witness_d300_r006.json,hard,144,witness,12,2,0.3,6,4124296207240068215,860c06f4a73b5aaada9d6ab724b2f6d6802068c2805304a7dbe8440d22419967,True,43,43
hard_n12_c02_witness_d300_r007,hard/witness/n12_c02/hard_n12_c02_witness_d300_r007.json,hard,144,witness,12,2,0.3,7,15651993534958029765,91b13023a3ab3392d5ec339c28ed958239797913881a21daa933c1a4c74c2061,True,43,43
hard_n12_c02_witness_d300_r008,hard/witness/n12_c02/hard_n12_c02_witness_d300_r008.json,hard,144,witness,12,2,0.3,8,1194541095267308476,5245a9d5730ee60d510afbd7409612715bd814b2ff2e2722506e92ee61010f8c,True,43,43
hard_n12_c02_witness_d300_r009,hard/witness/n12_c02/hard_n12_c02_witness_d300_r009.json,hard,144,witness,12,2,0.3,9,11719404693025294251,fe16940511da9971faf41e3ec501926291f0a8db26f22f7f6cd2632be6feec3a,True,43,43
hard_n12_c02_witness_d600_r000,hard/witness/n12_c02/hard_n12_c02_witness_d600_r000.json,hard,144,witness,12,2,0.6,0,7569551543530589791,e56c4c73642552d37cf7c94d92719e45a2644e11468cfe271ccb88a790ce9f92,True,86,86
hard_n12_c02_witness_d600_r001,hard/witness/n12_c02/hard_n12_c02_witness_d600_r001.json,hard,144,witness,12,2,0.6,1,8428485435152453108,4e10ec86d962f5cac580d0c4eac4c1ab55f44923386c8f42b5de3acd8737ff62,True,86,86
hard_n12_c02_witness_d600_r002,hard/witness/n12_c02/hard_n12_c02_witness_d600_r002.json,hard,144,witness,12,2,0.6,2,5930868606457698999,fa4c5bd8092b7e29193c2d17b3cfbc3e6c8a1d598e80ace08afcc265182913ab,True,86,86
hard_n12_c02_witness_d600_r003,hard/witness/n12_c02/hard_n12_c02_witness_d600_r003.json,hard,144,witness,12,2,0.6,3,10975320292823678916,243f6d8a98dc714e82d2e186d2032d43d4c4ac214ff76af0583efaa70341ac6c,True,86,86
hard_n12_c02_witness_d600_r004,hard/witness/n12_c02/hard_n12_c02_witness_d600_r004.json,hard,144,witness,12,2,0.6,4,2966749468485689043,2540de7bfea4096aa115d123fe5c27f9df3be104067d6f0786273117965ecc9c,True,86,86
hard_n12_c02_witness_d600_r005,hard/witness/n12_c02/hard_n12_c02_witness_d600_r005.json,hard,144,witness,12,2,0.6,5,10963345023311783611,1b5dc87555b2312da404e144e853678e092d55093207de2b6d9924aea08459e3,True,86,86
hard_n12_c02_witness_d600_r006,hard/witness/n12_c02/hard_n12_c02_witness_d600_r006.json,hard,144,witness,12,2,0.6,6,16417470170617335938,abb5245bb5d4445d576835a755df7ab2e0b1c590c9062d01e2a7ea05e6381ea9,True,86,86
hard_n12_c02_witness_d600_r007,hard/witness/n12_c02/hard_n12_c02_witness_d600_r007.json,hard,144,witness,12,2,0.6,7,5715186567548814797,2c4370f8ccd7b9b3e702a4c5cf7a821890273aaa0edf41d84571877adc3a9e4e,True,86,86
hard_n12_c02_witness_d600_r008,hard/witness/n12_c02/hard_n12_c02_witness_d600_r008.json,hard,144,witness,12,2,0.6,8,9421534089074118293,580e020ee253e4e9aa3b657bc563ab00b0cfaaa7593777f6a38ad6da50e85a08,True,86,86
hard_n12_c02_witness_d600_r009,hard/witness/n12_c02/hard_n12_c02_witness_d600_r009.json,hard,144,witness,12,2,0.6,9,16752440350097691281,bacd3c0e92b8b2ba7481bd5171ae27265504a11db3a6b356c1125072c1d5e261,True,86,86
hard_n12_c02_uniform_r000,hard/uniform/n12_c02/hard_n12_c02_uniform_r000.json,hard,144,uniform,12,2,,0,17763148369484948785,1d8c9e959861ea863db3698b452efb86129ddc1a7030fab5760028b61ceb6d29,False,,
hard_n12_c02_uniform_r001,hard/uniform/n12_c02/hard_n12_c02_uniform_r001.json,hard,144,uniform,12,2,,1,7713099485111525124,0c29bf5737104952c01cbf1988480915e8633a6073f4939da0f13e8afa0d290d,False,,
hard_n12_c02_uniform_r002,hard/uniform/n12_c02/hard_n12_c02_uniform_r002.json,hard,144,uniform,12,2,,2,16683467837908405606,4c011b2eede14bb64d311d8a6591dd36f3f2a1668b5e74c90312915ca3ebabbe,False,,
hard_n12_c02_uniform_r003,hard/uniform/n12_c02/hard_n12_c02_uniform_r003.json,hard,144,uniform,12,2,,3,5724051226472093896,c3c41c1280afbcd9a2a31e2255d95a8c90536cc8db1459123b9a729840811923,False,,
hard_n12_c02_uniform_r004,hard/uniform/n12_c02/hard_n12_c02_uniform_r004.json,hard,144,uniform,12,2,,4,4274373140771883255,394a93b0b762546106686b8d6af17ff98d9ba23d4e24d202c63ef63be2ce60f2,False,,
hard_n12_c02_uniform_r005,hard/uniform/n12_c02/hard_n12_c02_uniform_r005.json,hard,144,uniform,12,2,,5,14215009372862953909,46b93009c5fdb743e372e618ef5695a707ae2f765ed1964591bece34a6faebe5,False,,
hard_n12_c02_uniform_r006,hard/uniform/n12_c02/hard_n12_c02_uniform_r006.json,hard,144,uniform,12,2,,6,8995802977092415200,f933f743efd196ec82f5a9a4310143c1822c52b1499dab6f21a78826ef46bc44,False,,
hard_n12_c02_uniform_r007,hard/uniform/n12_c02/hard_n12_c02_uniform_r007.json,hard,144,uniform,12,2,,7,14617090419616738250,c69ac371c214065bd117a78d29fc2fee7af6e982e264f4b0f9f648525d1e7b52,False,,
hard_n12_c02_uniform_r008,hard/uniform/n12_c02/hard_n12_c02_uniform_r008.json,hard,144,uniform,12,2,,8,17913009033078365931,0d4e129bc9a65cb7307b9b44ea292225dd2b599e55f10f47ea2d6883da1cf3f4,False,,
hard_n12_c02_uniform_r009,hard/uniform/n12_c02/hard_n12_c02_uniform_r009.json,hard,144,uniform,12,2,,9,16588781600064744817,cb311c6e430b5a27b484189d950ec51385fd23152828457c463d7d3978d24a3c,False,,
hard_n12_c03_witness_d100_r000,hard/witness/n12_c03/hard_n12_c03_witness_d100_r000.json,hard,288,witness,12,3,0.1,0,6165031738657985119,d59d8eb873d8c31a05ba4fc0370b9b2373d59ffe626a3533eed9414a314c331f,True,18,18
hard_n12_c03_witness_d100_r001,hard/witness/n12_c03/hard_n12_c03_witness_d100_r001.json,hard,288,witness,12,3,0.1,1,16147007878459512912,b2370e0d7fa39ab41fa036a1d5105558d9b4f9e574753cae4e10bd7a1e5ea485,True,22,22
hard_n12_c03_witness_d100_r002,hard/witness/n12_c03/hard_n12_c03_witness_d100_r002.json,hard,288,witness,12,3,0.1,2,7907545430797724743,1f92f6f192fbf96bcb2cec694c9b5ad035ddcaca2b8f2aa769de3c58c471901d,True,20,20
hard_n12_c03_witness_d100_r003,hard/witness/n12_c03/hard_n12_c03_witness_d100_r003.json,hard,288,witness,12,3,0.1,3,8691839104964305834,6cf97c4bb959c32608b5025d0bc437bede48be5cbfac22ddaa8fc8de645919e2,True,21,21
hard_n12_c03_witness_d100_r004,hard/witness/n12_c03/hard_n12_c03_witness_d100_r004.json,hard,288,witness,12,3,0.1,4,18099625300213542750,0849905c57d62cf70b105378899b47047e660ce3d266c012038e7a398fdd02db,True,23,23
hard_n12_c03_witness_d100_r005,hard/witness/n12_c03/hard_n12_c03_witness_d100_r005.json,hard,288,witness,12,3,0.1,5,15657745348565220847,1a2de597b4db3aaabe602770bd203c5029960597e75065effd048546b63eac14,True,19,19
hard_n12_c03_witness_d100_r006,hard/witness/n12_c03/hard_n12_c03_witness_d100_r006.json,hard,288,witness,12,3,0.1,6,9436702484347463077,f80fd33b0b9597d3b508eeca3f8dd69c21c05fb8470ff4b1bd5493abbd637f48,True,21,21
hard_n12_c03_witness_d100_r007,hard/witness/n12_c03/hard_n12_c03_witness_d100_r007.json,hard,288,witness,12,3,0.1,7,15915550328590409148,2f37342ee6ec2199527776563f9c1a548fd4dad1f98a24599241ed3485df6cfe,True,16,16
hard_n12_c03_witness_d100_r008,hard/witness/n12_c03/hard_n12_c03_witness_d100_r008.json,hard,288,witness,12,3,0.1,8,2843262285930602381,f0bc6f90b5136002bbc1b976ce081c4a8ed4a254f41c0e9d6204ddc255ce606f,True,18,18
hard_n12_c03_witness_d100_r009,hard/witness/n12_c03/hard_n12_c03_witness_d100_r009.json,hard,288,witness,12,3,0.1,9,12931061038843562776,7f8feba54b78860e181f9b10205f72bab035bc786dd0f0c7f6a5a2358deac37a,True,19,19
hard_n12_c03_witness_d300_r000,hard/witness/n12_c03/hard_n12_c03_witness_d300_r000.json,hard,288,witness,12,3,0.3,0,9957700031745106256,c60cab79ef855877e1fdde3828e33f7fe433ff99faa979e7c05826326cec1202,True,62,62
hard_n12_c03_witness_d300_r001,hard/witness/n12_c03/hard_n12_c03_witness_d300_r001.json,hard,288,witness,12,3,0.3,1,14348576073329410114,1922ba8e434d5c7a187487abae1bcbce2416bfcd44346856fd1563c04d967c21,True,62,62
hard_n12_c03_witness_d300_r002,hard/witness/n12_c03/hard_n12_c03_witness_d300_r002.json,hard,288,witness,12,3,0.3,2,10291550636111816710,6608ecf72cdeac9a742497a80defb8c33a686e55f6e43db19b0eda3747e99775,True,62,62
hard_n12_c03_witness_d300_r003,hard/witness/n12_c03/hard_n12_c03_witness_d300_r003.json,hard,288,witness,12,3,0.3,3,14086289968201437158,a54ab72eff30b2d085b70c3d407f8581b7c51f9bccfaf3be8dfe2df076dc2a06,True,60,60
hard_n12_c03_witness_d300_r004,hard/witness/n12_c03/hard_n12_c03_witness_d300_r004.json,hard,288,witness,12,3,0.3,4,6478102012599388520,270168f672c31e73200e66096b39366ccb26a6434b4cb809c9c7ef21977c0dff,True,64,64
hard_n12_c03_witness_d300_r005,hard/witness/n12_c03/hard_n12_c03_witness_d300_r005.json,hard,288,witness,12,3,0.3,5,759708431930782555,7dcde03a206ae100ad4fc14dc9b2c54b879eb9a10877ccca361f4cc41fa659e4,True,64,64
hard_n12_c03_witness_d300_r006,hard/witness/n12_c03/hard_n12_c03_witness_d300_r006.json,hard,288,witness,12,3,0.3,6,10885862894192050812,00c2e512fe5051b43cc4df46c82d00057ab95f32bbafffabc5fe30afd0a10ac4,True,62,62
hard_n12_c03_witness_d300_r007,hard/witness/n12_c03/hard_n12_c03_witness_d300_r007.json,hard,288,witness,12,3,0.3,7,8164254247246897168,a5b3f7fd405da0d2486a09defb787735d033cd63cc274d4f7c14fe2052b62e01,True,66,66
hard_n12_c03_witness_d300_r008,hard/witness/n12_c03/hard_n12_c03_witness_d300_r008.json,hard,288,witness,12,3,0.3,8,1298212968678871515,03aea0cb153497fbb937cba7ca75ce47a81962f5b88ca9c06a1a372e1ae471f7,True,66,66
hard_n12_c03_witness_d300_r009,hard/witness/n12_c03/hard_n12_c03_witness_d300_r009.json,hard,288,witness,12,3,0.3,9,15571163131992718645,41e3849b1119865a858f4b335db374a2a12b61613b09021ec9efedff95460fbe,True,64,64
hard_n12_c03_witness_d600_r000,hard/witness/n12_c03/hard_n12_c03_witness_d600_r000.json,hard,288,witness,12,3,0.6,0,7050042641214975596,1b08c67390441e46094c43f2564a00d92ca41ccecb210922a3db46b5fc4af3d6,True,134,134
hard_n12_c03_witness_d600_r001,hard/witness/n12_c03/hard_n12_c03_witness_d600_r001.json,hard,288,witness,12,3,0.6,1,14540274796407153407,367aed26be0ce0cc3604cfcb32480535774fb2797c20d80c2fbb280bc7e9134d,True,122,122
hard_n12_c03_witness_d600_r002,hard/witness/n12_c03/hard_n12_c03_witness_d600_r002.json,hard,288,witness,12,3,0.6,2,7925848207726190386,733cce418035d2efac917e1763c887c360b44616f0982545aa4cdaeb5bf82f57,True,116,116
hard_n12_c03_witness_d600_r003,hard/witness/n12_c03/hard_n12_c03_witness_d600_r003.json,hard,288,witness,12,3,0.6,3,6232541560733258681,101b09d2b39d6420d00eb88e1658901c7d167e7e72f882144950f5eff5fb3295,True,122,122
hard_n12_c03_witness_d600_r004,hard/witness/n12_c03/hard_n12_c03_witness_d600_r004.json,hard,288,witness,12,3,0.6,4,3740243721291152295,b90f05ab11269339451482e951a39d61f73b2967d41368e98ea48e73552b367c,True,133,133
hard_n12_c03_witness_d600_r005,hard/witness/n12_c03/hard_n12_c03_witness_d600_r005.json,hard,288,witness,12,3,0.6,5,8746232498896552602,ebcb5505a481cb94bbbc0bb5e77cb4bc197a86583aaa83c6ac9546d4a94080ca,True,131,131
hard_n12_c03_witness_d600_r006,hard/witness/n12_c03/hard_n12_c03_witness_d600_r006.json,hard,288,witness,12,3,0.6,6,8985722184967044806,c0579d1728049659fe8f1c22552904afd805476580debcf384736227e3f88645,True,132,132
hard_n12_c03_witness_d600_r007,hard/witness/n12_c03/hard_n12_c03_witness_d600_r007.json,hard,288,witness,12,3,0.6,7,7426372272395007485,92370b0ed7a0eb517cc25febf311572e46f5b67f310ce228bf81f84a53ed3236,True,131,131
hard_n12_c03_witness_d600_r008,hard/witness/n12_c03/hard_n12_c03_witness_d600_r008.json,hard,288,witness,12,3,0.6,8,17553997287042908992,6ffacc637414d583fd1cc5f395268f89caca63f70f74ff99a7621985868d459e,True,125,125
hard_n12_c03_witness_d600_r009,hard/witness/n12_c03/hard_n12_c03_witness_d600_r009.json,hard,288,witness,12,3,0.6,9,15668521723060139011,df657da76e16fc18141442b01b8b24ad03e9fc0fdf9298d9662d28e70261e2a8,True,126,126
hard_n12_c03_uniform_r000,hard/uniform/n12_c03/hard_n12_c03_uniform_r000.json,hard,288,uniform,12,3,,0,12212595969684691452,96c877f112b2882384570885647d6cb10bc74a0c1e646ea8581373c45ba66316,False,,
hard_n12_c03_uniform_r001,hard/uniform/n12_c03/hard_n12_c03_uniform_r001.json,hard,288,uniform,12,3,,1,655812858687522934,322d5b0facde6a47a2c9ae2f9162793ed4ff769a7cda124a7db087fbd2ee7ba3,False,,
hard_n12_c03_uniform_r002,hard/uniform/n12_c03/hard_n12_c03_uniform_r002.json,hard,288,uniform,12,3,,2,15479778609446241001,40e90db567f6e2d030197d94d968d64ea300f338ee0206a2ef119c26f6cc900a,False,,
hard_n12_c03_uniform_r003,hard/uniform/n12_c03/hard_n12_c03_uniform_r003.json,hard,288,uniform,12,3,,3,10997894072578379296,6dbe8958e8cdabe970d5c1724854d522a6647dfd7a409bf9d385dea5f92a05a1,False,,
hard_n12_c03_uniform_r004,hard/uniform/n12_c03/hard_n12_c03_uniform_r004.json,hard,288,uniform,12,3,,4,9939228616692621115,e73dc5bae37d31f01cbf68d7929075777fdeae8bf1ce96de8e80af9b4bd53b70,False,,
hard_n12_c03_uniform_r005,hard/uniform/n12_c03/hard_n12_c03_uniform_r005.json,hard,288,uniform,12,3,,5,2690217610536407564,75e16b8f8c0fab1a9ed246aa2ed4343fa625ccd56b1a3de7e428b9b570575940,False,,
hard_n12_c03_uniform_r006,hard/uniform/n12_c03/hard_n12_c03_uniform_r006.json,hard,288,uniform,12,3,,6,15120321954583280265,a229e6202605f1b01d8bcc6950fffa88ea923fa98a7778d89011fce3067c727d,False,,
hard_n12_c03_uniform_r007,hard/uniform/n12_c03/hard_n12_c03_uniform_r007.json,hard,288,uniform,12,3,,7,14075416834258530031,e05bec1e92a3c2ac109a609daccd5de947c48a4a7d7ffd2ac0053758e73c9e9d,False,,
hard_n12_c03_uniform_r008,hard/uniform/n12_c03/hard_n12_c03_uniform_r008.json,hard,288,uniform,12,3,,8,8217862538096234123,f3e91d539a09154d339bfb8284127c10bc93ea9d4ee8149be1e4761ea203ec20,False,,
hard_n12_c03_uniform_r009,hard/uniform/n12_c03/hard_n12_c03_uniform_r009.json,hard,288,uniform,12,3,,9,18128011640430970502,ce80b7b5ec3ef2aba2ade9b9326412dd0f7ae26d6df8911428918e2c2e3b5ba2,False,,
hard_n12_c04_witness_d100_r000,hard/witness/n12_c04/hard_n12_c04_witness_d100_r000.json,hard,432,witness,12,4,0.1,0,16166465034539412148,30fbbe3bcb75e17c50f27c87d8910e5093e3bcfc9209756bbb4e7b82bf6842dd,True,25,25
hard_n12_c04_witness_d100_r001,hard/witness/n12_c04/hard_n12_c04_witness_d100_r001.json,hard,432,witness,12,4,0.1,1,424991372903823380,1ced4e01cd919832575cebf9f398a7f2116d945950bb9e69cda63985d5778993,True,23,23
hard_n12_c04_witness_d100_r002,hard/witness/n12_c04/hard_n12_c04_witness_d100_r002.json,hard,432,witness,12,4,0.1,2,11040927397600719307,f8974e57c26dc2d0de04caad3d379ac8f2f93d7bfba623f10915281a2896b347,True,29,29
hard_n12_c04_witness_d100_r003,hard/witness/n12_c04/hard_n12_c04_witness_d100_r003.json,hard,432,witness,12,4,0.1,3,3525276562613390305,79bc5f002eb915f2284209e5b9925a6e6d58e3e8a4e44fa7a92a0e0053631d40,True,28,28
hard_n12_c04_witness_d100_r004,hard/witness/n12_c04/hard_n12_c04_witness_d100_r004.json,hard,432,witness,12,4,0.1,4,8333125214127608525,5811b9cc6c1d3321c4a00f6223714593a923c46556eb530a75a02923c277de55,True,27,27
hard_n12_c04_witness_d100_r005,hard/witness/n12_c04/hard_n12_c04_witness_d100_r005.json,hard,432,witness,12,4,0.1,5,10328363297843854532,4c29b252c91b0ce329299264001dc7494d7927d5769123196d18055349524908,True,31,31
hard_n12_c04_witness_d100_r006,hard/witness/n12_c04/hard_n12_c04_witness_d100_r006.json,hard,432,witness,12,4,0.1,6,17096886563011487358,2ad696298c9d275290425e5b4edae79d93ae7e25ef6e41b1a4a2fe881306cbba,True,31,31
hard_n12_c04_witness_d100_r007,hard/witness/n12_c04/hard_n12_c04_witness_d100_r007.json,hard,432,witness,12,4,0.1,7,8360646564608457889,3c15d5fe5627327788b8e8c92eea40c1202dea13f8fe0fdbe8f636b1921f1a74,True,26,26
hard_n12_c04_witness_d100_r008,hard/witness/n12_c04/hard_n12_c04_witness_d100_r008.json,hard,432,witness,12,4,0.1,8,11568260567976335174,4ff75bf743e77316acc4b441df075db4a4743e181376757d69439ca20c161524,True,35,35
hard_n12_c04_witness_d100_r009,hard/witness/n12_c04/hard_n12_c04_witness_d100_r009.json,hard,432,witness,12,4,0.1,9,344550812390045536,f2765134c45a6aba9c9108cd1ead5e803de3e3ca0047878853899087d329fafd,True,31,31
hard_n12_c04_witness_d300_r000,hard/witness/n12_c04/hard_n12_c04_witness_d300_r000.json,hard,432,witness,12,4,0.3,0,16633845137576769851,ea202762426876a68111c6744851af083ed824c7474d5350d6964a3ae91fd5e9,True,85,85
hard_n12_c04_witness_d300_r001,hard/witness/n12_c04/hard_n12_c04_witness_d300_r001.json,hard,432,witness,12,4,0.3,1,17571552449344389539,26e114dae6e13980dc1caa1b728cb76c6fd04c4588b452605f972e5a8f713b39,True,96,96
hard_n12_c04_witness_d300_r002,hard/witness/n12_c04/hard_n12_c04_witness_d300_r002.json,hard,432,witness,12,4,0.3,2,2992769892096648051,21af379d61299262e0f02ccc96bd9446ca1c3d39989f269ce445868cc936737d,True,96,96
hard_n12_c04_witness_d300_r003,hard/witness/n12_c04/hard_n12_c04_witness_d300_r003.json,hard,432,witness,12,4,0.3,3,15567183002105279921,3d5b1b59f83cd8da29cabf8519b3c895d808123c23995bfc9918331ccda1f01b,True,86,86
hard_n12_c04_witness_d300_r004,hard/witness/n12_c04/hard_n12_c04_witness_d300_r004.json,hard,432,witness,12,4,0.3,4,3226164316161283651,331aa530a521dcc2cdff4310f9e07c66815b88998f51d532d9c8ec6bde033000,True,93,93
hard_n12_c04_witness_d300_r005,hard/witness/n12_c04/hard_n12_c04_witness_d300_r005.json,hard,432,witness,12,4,0.3,5,13728355735411880019,ceceae15faf140971ff15ad54d3ad8948c4933a85ce475af657db1764bd5ce12,True,95,95
hard_n12_c04_witness_d300_r006,hard/witness/n12_c04/hard_n12_c04_witness_d300_r006.json,hard,432,witness,12,4,0.3,6,17676011673712458192,1a003fb5dee5b74b0405f126f825fd99915ed8d6664a0c7ad69c1538996179bf,True,88,88
hard_n12_c04_witness_d300_r007,hard/witness/n12_c04/hard_n12_c04_witness_d300_r007.json,hard,432,witness,12,4,0.3,7,5945186821746295817,875cbfaa3b6bebc44fd8bc4dc763239bcecfd45475e4433ca3cace59c6abca79,True,88,88
hard_n12_c04_witness_d300_r008,hard/witness/n12_c04/hard_n12_c04_witness_d300_r008.json,hard,432,witness,12,4,0.3,8,17862723357269113811,946c6d9f794dc1f7a91a3d3a7a8cf374a0c7ce14d988855e8eaa0de588facc7f,True,87,87
hard_n12_c04_witness_d300_r009,hard/witness/n12_c04/hard_n12_c04_witness_d300_r009.json,hard,432,witness,12,4,0.3,9,5283165613592082853,8fc8928f03165ea8ecc3ec0c24e5f149e201b2a2179b2e44251e54bbdb984549,True,87,87
hard_n12_c04_witness_d600_r000,hard/witness/n12_c04/hard_n12_c04_witness_d600_r000.json,hard,432,witness,12,4,0.6,0,4741134753371740124,55877ec840a1ac345d8466fcd93d3068142f2df186ca025f24831440ca152525,True,175,175
hard_n12_c04_witness_d600_r001,hard/witness/n12_c04/hard_n12_c04_witness_d600_r001.json,hard,432,witness,12,4,0.6,1,4731222549255124622,ec124dba3cc6c338cef1028cd24958ab1da4f479f049238edfb50acb470ace76,True,157,157
hard_n12_c04_witness_d600_r002,hard/witness/n12_c04/hard_n12_c04_witness_d600_r002.json,hard,432,witness,12,4,0.6,2,11776666945834179583,2972d7329ea4cb4c33b471a6105d7f288e7eaabd4969ad581eca35783b5808ac,True,165,165
hard_n12_c04_witness_d600_r003,hard/witness/n12_c04/hard_n12_c04_witness_d600_r003.json,hard,432,witness,12,4,0.6,3,5119927769860462927,6ebadca70baf6f1bc00eed1cae0e720f0290d6543d79713f2d952d8f3b9340cd,True,172,172
hard_n12_c04_witness_d600_r004,hard/witness/n12_c04/hard_n12_c04_witness_d600_r004.json,hard,432,witness,12,4,0.6,4,13675667708422814290,1fccd92df045b0fa91517c999824bbd85c9432ec8267bdc6566133a40a8fd55c,True,164,164
hard_n12_c04_witness_d600_r005,hard/witness/n12_c04/hard_n12_c04_witness_d600_r005.json,hard,432,witness,12,4,0.6,5,13156098480191582032,3131191536e5c54b564031a63d520116d5fe6e0eedfcb7c293c5e3a0179e84d1,True,171,171
hard_n12_c04_witness_d600_r006,hard/witness/n12_c04/hard_n12_c04_witness_d600_r006.json,hard,432,witness,12,4,0.6,6,8141279843373798962,49cce901f6d562e2d8338d7743c518d342326d69404a109ad8d6b5050b3c96b0,True,182,182
hard_n12_c04_witness_d600_r007,hard/witness/n12_c04/hard_n12_c04_witness_d600_r007.json,hard,432,witness,12,4,0.6,7,17533607444425012974,f7d89abb80c8f410261f30869b3ff235ebc4d503026fa7ef3ba0e574bb9f8733,True,164,164
hard_n12_c04_witness_d600_r008,hard/witness/n12_c04/hard_n12_c04_witness_d600_r008.json,hard,432,witness,12,4,0.6,8,13431811646178481435,cb3c94d909b44f8e4626de990b455e95934c7f705b2ca519395e3a4846adad89,True,167,167
hard_n12_c04_witness_d600_r009,hard/witness/n12_c04/hard_n12_c04_witness_d600_r009.json,hard,432,witness,12,4,0.6,9,14237145436213601823,f6db7dde689753ab5fb581bd1203e64fb1d616e05787cf3f5d18a4b9c53f5691,True,162,162
hard_n12_c04_uniform_r000,hard/uniform/n12_c04/hard_n12_c04_uniform_r000.json,hard,432,uniform,12,4,,0,10590433240020325724,c46e1aee12d46a2c60324310e8e8189142108a5d80c11e77212e283a2ce6c22f,False,,
hard_n12_c04_uniform_r001,hard/uniform/n12_c04/hard_n12_c04_uniform_r001.json,hard,432,uniform,12,4,,1,4400693341278014186,b6dbc583698a462129284a289918daaf5d89a5190c187b9cf943f5472e59b248,False,,
hard_n12_c04_uniform_r002,hard/uniform/n12_c04/hard_n12_c04_uniform_r002.json,hard,432,uniform,12,4,,2,3753810851091544796,c10e7efad4e87b021146da4ceb9abf1a5b67022cc053ed84ea3833156e19bc4d,False,,
hard_n12_c04_uniform_r003,hard/uniform/n12_c04/hard_n12_c04_uniform_r003.json,hard,432,uniform,12,4,,3,15947946205864688970,97a667911dc1ae2881b1bfa20870c0908c616c267e4fcd5416d1903eb68e5746,False,,
hard_n12_c04_uniform_r004,hard/uniform/n12_c04/hard_n12_c04_uniform_r004.json,hard,432,uniform,12,4,,4,10771975569320492228,215903fb3b2799aa400b87ce51a5d8eaee5c04442af65ee7559db53448bc202b,False,,
hard_n12_c04_uniform_r005,hard/uniform/n12_c04/hard_n12_c04_uniform_r005.json,hard,432,uniform,12,4,,5,8184413268403584571,14dbbc4a9f68ed6d9cd4119c385b83f344db553d2c325fa2ef8131f4dad05b9e,False,,
hard_n12_c04_uniform_r006,hard/uniform/n12_c04/hard_n12_c04_uniform_r006.json,hard,432,uniform,12,4,,6,2004759327236520494,e05f97619dfb809ad47e24912d2937cb35a4e2a5487ad6c948bbfe128d524750,False,,
hard_n12_c04_uniform_r007,hard/uniform/n12_c04/hard_n12_c04_uniform_r007.json,hard,432,uniform,12,4,,7,16129376721772080569,23291e7403cd0ee3361b3c403da557f53b3afcb4255ea381e50a814787650cbf,False,,
hard_n12_c04_uniform_r008,hard/uniform/n12_c04/hard_n12_c04_uniform_r008.json,hard,432,uniform,12,4,,8,15193204009964880604,5c480327aff2fde1e4886f55a4f614dfc7f9b490b69c94c8d3e8ccccf61224fb,False,,
hard_n12_c04_uniform_r009,hard/uniform/n12_c04/hard_n12_c04_uniform_r009.json,hard,432,uniform,12,4,,9,2725411418541937899,6810bad35326ae7cd25a462e7ef488321cf3c7fd188887203eca4023f95a5c70,False,,
